icusyllabusspring1,,,,,,,,,,,,,,,
reg no,English,Japanese,Time schedule,,,,,,Room,Mode,Professor,,,,
GEX001,X: Introduction to Christianity,Ｘ：キリスト教概論,3/M,3/W,3/F,N/A,N/A,N/A,N/A,ONLINE,"RO, Johannes Unsok",,,,
GEX001,X: Introduction to Christianity,Ｘ：キリスト教概論,2/M,2/W,2/F,N/A,N/A,N/A,N/A,ONLINE,"MORIMOTO, Anri",,,,
GEX001,X: Introduction to Christianity,Ｘ：キリスト教概論,5/TH,6/TH,7/TH,N/A,N/A,N/A,N/A,ONLINE,"MCGLOTHLIN, Thomas Dwight",,,,
GEH002,H1: The World of Art,Ｈ１：美術の世界,3/TU,2/TH,3/TH,N/A,N/A,N/A,N/A,ONLINE,"ITO, Aki",,,,
GEH031,H1: The World of Philosophy,Ｈ１：哲学の世界,3/M,3/W,3/F,N/A,N/A,N/A,N/A,ONLINE,"YAJIMA, Naoki",,,,
GEH041,H2: Language Education,Ｈ２：言語教育,3/M,3/W,3/F,N/A,N/A,N/A,N/A,ONLINE,"HANDA, Atsuko/FUJII, Akiko",,,,
GEH044,H2: The World of Sign Languages,Ｈ２：手話の世界,3/TU,2/TH,3/TH,N/A,N/A,N/A,N/A,ONLINE,"QUAY, Suzanne",,,,
GEH061,H2: Global Health Innovation,Ｈ２：からだ再考,3/TU,3/TH,N/A,N/A,N/A,N/A,N/A,ONLINE,"SHIMIZU, Yasuo",,,,
GES001,S1: Economy and Economics,Ｓ１：経済と経済学,3/TU,2/TH,3/TH,N/A,N/A,N/A,N/A,ONLINE,"INABA, Yushi/SAITO, Jun",,,,
GES002,S1: Capitalism and Society,Ｓ１：資本主義と社会,3/TU,2/TH,3/TH,N/A,N/A,N/A,N/A,ONLINE,"IWAI, Katsuhito",,,,
GES008,S1: Religion and Global Politics,Ｓ１：宗教と国際政治,*4/TU,*4/TH,N/A,N/A,N/A,N/A,N/A,ONLINE,"SHANI, Giorgiandrea",,,,
GES009,S1: Debates in International Relations,Ｓ１：国際関係ディベート,*4/TU,*4/TH,N/A,N/A,N/A,N/A,N/A,MIXED MODE,"MORI, Katsuhiko/YOSHIKAWA, Motohide",,,,
GES019,S1: Japanese Constitutional Law,Ｓ１：日本国憲法,3/M,3/W,3/F,N/A,N/A,N/A,N/A,ONLINE,"MATSUDA, Hiromichi",,,,
GES026,S1: Society and Culture,Ｓ１：社会と文化,*4/TU,*4/TH,N/A,N/A,N/A,N/A,N/A,ONLINE,"BROWN, Bernardo Enrique",,,,
GES039,S2: Statistical Information Literacy,Ｓ２：統計情報リテラシー,3/M,3/W,3/F,N/A,N/A,N/A,N/A,ONLINE,"KANEKO, Takuya",,,,
GES046,S2: Service-Learning,Ｓ２：サービス・ラーニング,5/TH,6/TH,(7/TH,8/TH),N/A,N/A,N/A,MIXED MODE,"NISHIMURA, Mikiko/ISHIHARA, Kenji",,,,
GES052,S2: The World of Cultural Translation,Ｓ２：文化翻訳の世界,*4/TU,*4/TH,N/A,N/A,N/A,N/A,N/A,ONLINE,"CURRAN, Beverley F. M.",,,,
GES062,S2: Humanity and Peace,Ｓ２：人間と平和,3/TU,2/TH,3/TH,N/A,N/A,N/A,N/A,ONLINE,"ARAKAKI, Osamu",,,,
GEN001,N1: Life Science (A),Ｎ１：生命科学（Ａ）,2/M,2/W,2/F,N/A,N/A,N/A,N/A,ONLINE,"KOBAYASHI, Makito/MIZOGUCHI, Tsuyoshi/KAMITO, Takehiko/HAYAMA, Ryosuke/GOURAUD, Sabine Sandra Stephanie",,,,
GEN013,N1: The Chemical Basis of Nature,Ｎ１：自然の化学的基礎,3/M,3/W,3/F,N/A,N/A,N/A,N/A,ONLINE,"MINEJIMA, Chika/MATSUO, Motoyuki",,,,
GEN021,N1: Computers and Human Interaction,Ｎ１：コンピュータと人間,5/W,6/W,7/W,N/A,N/A,N/A,N/A,ONLINE,"OSAKI, Keiji",,,,
GEN023,N1: Introduction to Computer Science,Ｎ１：情報科学概論,3/TU,2/TH,3/TH,N/A,N/A,N/A,N/A,ONLINE,"OHTA, Keiji/TANAKA, Masayuki",,,,
GEN024,N1: Mathematical Methods in Science,Ｎ１：数学の方法,1/TU,2/TU,1/TH,N/A,N/A,N/A,N/A,ONLINE,"YAMAZAKI, Mitsuru",,,,
GEN026,N2: Ideas of Data Science,Ｎ２：データサイエンスの考え方,5/TH,(6/TH,7/TH),N/A,N/A,N/A,I-106,MIXED MODE,"ISHIBASHI, Keisuke/KANAZAWA, Yuichiro",,,,
GEN053,N2: Philosophy of Science,Ｎ２：科学哲学,5/F,6/F,N/A,N/A,N/A,N/A,N/A,ONLINE,"DOMONDON, Andrew",,,,
GEN054,N2: Environmental Studies,N２：環境研究,3/M,3/W,3/F,N/A,N/A,N/A,N/A,ONLINE,"NUNOSHIBA, Tatsuo/FUJINUMA, Ryosuke",,,,
GEL100,Liberal Arts Seminar,リベラルアーツセミナー,5/TH,6/TH,7/TH,N/A,N/A,N/A,N/A,ONLINE,"SALTON, Herman",,,,
GEL100,Liberal Arts Seminar,リベラルアーツセミナー,5/TH,6/TH,7/TH,N/A,N/A,N/A,N/A,ONLINE,"COLLET, Christian",,,,
GEH023,H1: The World of Literature (French Literature),Ｈ１：文学の世界（フランス文学）,3/M,3/W,3/F,N/A,N/A,N/A,N/A,ONLINE,"CHIJIIWA, Yasuko",,,,
HPE001,Health Science,健康科学,5/TU,N/A,N/A,N/A,N/A,N/A,N/A,ONLINE,"TAKANASHI, Mina",,,,
HPE001,Health Science,健康科学,6/F,N/A,N/A,N/A,N/A,N/A,N/A,ONLINE,"OGAWA, Tadayuki",,,,
HPE001,Health Science,健康科学,5/W,N/A,N/A,N/A,N/A,N/A,N/A,ONLINE,"SHIMIZU, Yasuo",,,,
HPE001,Health Science,健康科学,6/W,N/A,N/A,N/A,N/A,N/A,N/A,ONLINE,"SHIMIZU, Yasuo",,,,
HPE001,Health Science,健康科学,6/TU,N/A,N/A,N/A,N/A,N/A,N/A,ONLINE,"TAKANASHI, Mina",,,,
HPE001,Health Science,健康科学,5/M,N/A,N/A,N/A,N/A,N/A,N/A,ONLINE,"SHIMIZU, Yasuo",,,,
HPE001,Health Science,健康科学,5/F,N/A,N/A,N/A,N/A,N/A,N/A,ONLINE,"OGAWA, Tadayuki",,,,
HPE003,Physical Education,体育理論,6/M,N/A,N/A,N/A,N/A,N/A,N/A,ONLINE,"SHIMIZU, Yasuo",,,,
HPE005,Physical Education Exercise I,PE　エクササイズⅠ,5/F,N/A,N/A,N/A,N/A,N/A,N/A,FACE TO FACE,"TAKAHASHI, Shin",,,,
HPE005,Physical Education Exercise I,PE　エクササイズⅠ,5/F,N/A,N/A,N/A,N/A,N/A,N/A,FACE TO FACE,"GORAI, Asuka",,,,
HPE005,Physical Education Exercise I,PE　エクササイズⅠ,5/M,N/A,N/A,N/A,N/A,N/A,N/A,FACE TO FACE,"GORAI, Asuka",,,,
HPE005,Physical Education Exercise I,PE　エクササイズⅠ,5/TU,N/A,N/A,N/A,N/A,N/A,N/A,ONLINE,"ICHIKAWA, Yuichi",,,,
HPE005,Physical Education Exercise I,PE　エクササイズⅠ,6/TU,N/A,N/A,N/A,N/A,N/A,N/A,ONLINE,"ICHIKAWA, Yuichi",,,,
HPE005,Physical Education Exercise I,PE　エクササイズⅠ,4/F,N/A,N/A,N/A,N/A,N/A,N/A,FACE TO FACE,"TAKAHASHI, Shin",,,,
HPE005,Physical Education Exercise I,PE　エクササイズⅠ,4/TU,N/A,N/A,N/A,N/A,N/A,N/A,ONLINE,"ICHIKAWA, Yuichi",,,,
HPE005,Physical Education Exercise I,PE　エクササイズⅠ,5/TU,N/A,N/A,N/A,N/A,N/A,N/A,FACE TO FACE,"GORAI, Asuka",,,,
HPE005,Physical Education Exercise I,PE　エクササイズⅠ,5/TU,N/A,N/A,N/A,N/A,N/A,N/A,FACE TO FACE,"SATO, Kaori",,,,
HPE005,Physical Education Exercise I,PE　エクササイズⅠ,6/M,N/A,N/A,N/A,N/A,N/A,N/A,FACE TO FACE,"GORAI, Asuka",,,,
HPE005,Physical Education Exercise I,PE　エクササイズⅠ,5/W,N/A,N/A,N/A,N/A,N/A,N/A,FACE TO FACE,"GORAI, Asuka",,,,
HPE005,Physical Education Exercise I,PE　エクササイズⅠ,5/M,N/A,N/A,N/A,N/A,N/A,N/A,ONLINE,"TAKANASHI, Mina",,,,
HPE005,Physical Education Exercise I,PE　エクササイズⅠ,4/M,N/A,N/A,N/A,N/A,N/A,N/A,ONLINE,"ICHIKAWA, Yuichi",,,,
HPE005,Physical Education Exercise I,PE　エクササイズⅠ,5/TH,N/A,N/A,N/A,N/A,N/A,N/A,ONLINE,"HOSHIKOSHI, Ryota",,,,
HPE005,Physical Education Exercise I,PE　エクササイズⅠ,4/W,N/A,N/A,N/A,N/A,N/A,N/A,FACE TO FACE,"GORAI, Asuka",,,,
HPE005,Physical Education Exercise I,PE　エクササイズⅠ,5/M,N/A,N/A,N/A,N/A,N/A,N/A,ONLINE,"ICHIKAWA, Yuichi",,,,
HPE005,Physical Education Exercise I,PE　エクササイズⅠ,6/M,N/A,N/A,N/A,N/A,N/A,N/A,ONLINE,"ICHIKAWA, Yuichi",,,,
HPE005,Physical Education Exercise I,PE　エクササイズⅠ,6/F,N/A,N/A,N/A,N/A,N/A,N/A,FACE TO FACE,"TAKAHASHI, Shin",,,,
HPE005,Physical Education Exercise I,PE　エクササイズⅠ,6/TU,N/A,N/A,N/A,N/A,N/A,N/A,FACE TO FACE,"GORAI, Asuka",,,,
HPE005,Physical Education Exercise I,PE　エクササイズⅠ,6/TU,N/A,N/A,N/A,N/A,N/A,N/A,FACE TO FACE,"SATO, Kaori",,,,
HPE005,Physical Education Exercise I,PE　エクササイズⅠ,6/M,N/A,N/A,N/A,N/A,N/A,N/A,ONLINE,"TAKANASHI, Mina",,,,
HPE005,Physical Education Exercise I,PE　エクササイズⅠ,6/M,N/A,N/A,N/A,N/A,N/A,N/A,FACE TO FACE,"TERADA, Kayo",,,,
HPE005,Physical Education Exercise I,PE　エクササイズⅠ,6/F,N/A,N/A,N/A,N/A,N/A,N/A,FACE TO FACE,"TAKANASHI, Mina",,,,
HPE005,Physical Education Exercise I,PE　エクササイズⅠ,5/TH,N/A,N/A,N/A,N/A,N/A,N/A,FACE TO FACE,"TAKANASHI, Mina",,,,
HPE005,Physical Education Exercise I,PE　エクササイズⅠ,5/M,N/A,N/A,N/A,N/A,N/A,N/A,FACE TO FACE,"SATO, Kaori",,,,
HPE005,Physical Education Exercise I,PE　エクササイズⅠ,4/M,N/A,N/A,N/A,N/A,N/A,N/A,FACE TO FACE,"SATO, Kaori",,,,
HPE005,Physical Education Exercise I,PE　エクササイズⅠ,6/W,N/A,N/A,N/A,N/A,N/A,N/A,FACE TO FACE,"GORAI, Asuka",,,,
HPE005,Physical Education Exercise I,PE　エクササイズⅠ,5/TH,N/A,N/A,N/A,N/A,N/A,N/A,FACE TO FACE,"TAKAHASHI, Shin",,,,
HPE005,Physical Education Exercise I,PE　エクササイズⅠ,6/TH,N/A,N/A,N/A,N/A,N/A,N/A,ONLINE,"HOSHIKOSHI, Ryota",,,,
HPE005,Physical Education Exercise I,PE　エクササイズⅠ,4/M,N/A,N/A,N/A,N/A,N/A,N/A,FACE TO FACE,"TAKAHASHI, Shin",,,,
HPE005,Physical Education Exercise I,PE　エクササイズⅠ,5/TH,N/A,N/A,N/A,N/A,N/A,N/A,N/A,"TERADA, Kayo",,,,
HPE005,Physical Education Exercise I,PE　エクササイズⅠ,6/TH,N/A,N/A,N/A,N/A,N/A,N/A,ONLINE,"TERADA, Kayo",,,,
HPE005,Physical Education Exercise I,PE　エクササイズⅠ,6/TH,N/A,N/A,N/A,N/A,N/A,N/A,FACE TO FACE,"TAKAHASHI, Shin",,,,
HPE005,Physical Education Exercise I,PE　エクササイズⅠ,6/W,N/A,N/A,N/A,N/A,N/A,N/A,N/A,"TERADA, Kayo",,,,
HPE005,Physical Education Exercise I,PE　エクササイズⅠ,5/F,N/A,N/A,N/A,N/A,N/A,N/A,FACE TO FACE,"TAKANASHI, Mina",,,,
HPE006,Physical Education Exercise II,PE　エクササイズⅡ,4/TH,N/A,N/A,N/A,N/A,N/A,N/A,N/A,"TERADA, Kayo",,,,
HPE006,Physical Education Exercise II,PE　エクササイズⅡ,5/W,N/A,N/A,N/A,N/A,N/A,N/A,FACE TO FACE,"TERADA, Kayo",,,,
HPE006,Physical Education Exercise II,PE　エクササイズⅡ,4/TH,N/A,N/A,N/A,N/A,N/A,N/A,ONLINE,"HOSHIKOSHI, Ryota",,,,
HPE007,Physical Education Exercise III,PE　エクササイズⅢ,6/F,N/A,N/A,N/A,N/A,N/A,N/A,FACE TO FACE,"GORAI, Asuka",,,,
HPE007,Physical Education Exercise III,PE　エクササイズⅢ,4/F,N/A,N/A,N/A,N/A,N/A,N/A,ONLINE,"SATO, Kaori",,,,
HPE007,Physical Education Exercise III,PE　エクササイズⅢ,5/W,N/A,N/A,N/A,N/A,N/A,N/A,FACE TO FACE,"SATO, Kaori",,,,
HPE007,Physical Education Exercise III,PE　エクササイズⅢ,4/F,N/A,N/A,N/A,N/A,N/A,N/A,N/A,TBA,,,,
HPE007,Physical Education Exercise III,PE　エクササイズⅢ,4/W,N/A,N/A,N/A,N/A,N/A,N/A,FACE TO FACE,"SATO, Kaori",,,,
HPE007,Physical Education Exercise III,PE　エクササイズⅢ,4/TH,N/A,N/A,N/A,N/A,N/A,N/A,ONLINE,"TERADA, Kayo",,,,
HPE010,Team Sports I ULTIMATE FLYING DISC,ティームスポーツ I,5/M,N/A,N/A,N/A,N/A,N/A,N/A,FACE TO FACE,"HONDA, Masakazu",,,,
HPE010,Team Sports I DISC GOLF,ティームスポーツ I,4/M,N/A,N/A,N/A,N/A,N/A,N/A,FACE TO FACE,"HONDA, Masakazu",,,,
HPE012,Beginning Dual Sports TENNIS,初級対人スポーツ,2/F,N/A,N/A,N/A,N/A,N/A,N/A,FACE TO FACE,"OKADA, Mitsuhiro",,,,
HPE012,Beginning Dual Sports TENNIS,初級対人スポーツ,3/F,N/A,N/A,N/A,N/A,N/A,N/A,FACE TO FACE,"OKADA, Mitsuhiro",,,,
HPE012,Beginning Dual Sports BADMINTON,初級対人スポーツ,2/TU,N/A,N/A,N/A,N/A,N/A,N/A,FACE TO FACE,"SHIRAI, Takumi",,,,
HPE012,Beginning Dual Sports BADMINTON,初級対人スポーツ,1/TU,N/A,N/A,N/A,N/A,N/A,N/A,FACE TO FACE,"SHIRAI, Takumi",,,,
HPE014,Beginning Individual Sports GOLF,初級個人スポーツ,5/F,N/A,N/A,N/A,N/A,N/A,N/A,FACE TO FACE,"HASHIGUCHI, Takeo",,,,
HPE014,Beginning Individual Sports GOLF,初級個人スポーツ,4/F,N/A,N/A,N/A,N/A,N/A,N/A,FACE TO FACE,"HASHIGUCHI, Takeo",,,,
HPE014,Beginning Individual Sports SMART SWIMMING,初級個人スポーツ,3/F,N/A,N/A,N/A,N/A,N/A,N/A,FACE TO FACE,"SATO, Kaori",,,,
HPE014,Beginning Individual Sports BEGINNER'S SWIMMING,初級個人スポーツ,2/F,N/A,N/A,N/A,N/A,N/A,N/A,FACE TO FACE,"SATO, Kaori",,,,
HPE016,Beginning Self Testing Activities ACTIVE YOGA,初級個人試技活動,3/TH,N/A,N/A,N/A,N/A,N/A,N/A,FACE TO FACE,"HIRATA, Tomoko",,,,
HPE016,Beginning Self Testing Activities RELAXATION YOGA,初級個人試技活動,2/TH,N/A,N/A,N/A,N/A,N/A,N/A,FACE TO FACE,"HIRATA, Tomoko",,,,
HPE016,Beginning Self Testing Activities WALL CLIMBING,初級個人試技活動,4/TH,N/A,N/A,N/A,N/A,N/A,N/A,FACE TO FACE,"TAKANASHI, Mina",,,,
HPE016,Beginning Self Testing Activities FREE CLIMBING,初級個人試技活動,4/F,N/A,N/A,N/A,N/A,N/A,N/A,FACE TO FACE,"TAKANASHI, Mina",,,,
HPE016,Beginning Self Testing Activities BODY WORK,初級個人試技活動,3/W,N/A,N/A,N/A,N/A,N/A,N/A,FACE TO FACE,"NAKADA, Satoshi",,,,
HPE021,Beginning Rhythms and Dance INTRODUCTION TO DANCE,初級リズムダンス,2/W,N/A,N/A,N/A,N/A,N/A,N/A,FACE TO FACE,"KASAI, Hiromi",,,,
HPE021,Beginning Rhythms and Dance NIPPON MINZOKU BUYO,初級リズムダンス,3/W,N/A,N/A,N/A,N/A,N/A,N/A,N/A,"KASAI, Hiromi",,,,
HPE021,Beginning Rhythms and Dance NIPPON MINZOKU BUYO,初級リズムダンス,4/W,N/A,N/A,N/A,N/A,N/A,N/A,FACE TO FACE,"YOSHINO, Yufuko",,,,
HPE021,Beginning Rhythms and Dance NIPPON MINZOKU BUYO,初級リズムダンス,3/W,N/A,N/A,N/A,N/A,N/A,N/A,FACE TO FACE,"YOSHINO, Yufuko",,,,
HPE021,Beginning Rhythms and Dance SOCIAL DANCE,初級リズムダンス,2/TU,N/A,N/A,N/A,N/A,N/A,N/A,FACE TO FACE,"KAMATSUKA, Masanori",,,,
HPE021,Beginning Rhythms and Dance SOCIAL DANCE,初級リズムダンス,3/TU,N/A,N/A,N/A,N/A,N/A,N/A,FACE TO FACE,"KAMATSUKA, Masanori",,,,
HPE021,Beginning Rhythms and Dance TRADITIONAL WADAIKO,初級リズムダンス,2/TU,N/A,N/A,N/A,N/A,N/A,N/A,FACE TO FACE,"SENDA, Tetsushi",,,,
HPE021,Beginning Rhythms and Dance TRADITIONAL WADAIKO,初級リズムダンス,3/TU,N/A,N/A,N/A,N/A,N/A,N/A,FACE TO FACE,"SENDA, Tetsushi",,,,
HPE024,Adapted Physical Education ADAPTED P.E.,アダプテッド体育,N/A,N/A,N/A,N/A,N/A,N/A,N/A,N/A,"TBA/TERADA, Kayo/SATO, Kaori/TAKANASHI, Mina",,,,
HPE025,Introduction to Japanese Budo JAPANESE BUDO,武道入門,4/W,N/A,N/A,N/A,N/A,N/A,N/A,FACE TO FACE,"NAKADA, Satoshi",,,,
HPE007,Physical Education Exercise III,PE　エクササイズⅢ,5/TH,N/A,N/A,N/A,N/A,N/A,N/A,ONLINE,"TERADA, Kayo",,,,
HPE005,Physical Education Exercise I,PE　エクササイズⅠ,4/F,N/A,N/A,N/A,N/A,N/A,N/A,FACE TO FACE,"GORAI, Asuka",,,,
HPE006,Physical Education Exercise II,PE　エクササイズⅡ,6/W,N/A,N/A,N/A,N/A,N/A,N/A,FACE TO FACE,"TERADA, Kayo",,,,
HPE005,Physical Education Exercise I,PE　エクササイズⅠ,4/TH,N/A,N/A,N/A,N/A,N/A,N/A,FACE TO FACE,"TAKAHASHI, Shin",,,,
HPE022,Intermediate Rhythms and Dance INTRODUCTION TO DANCE,中級リズムダンス,3/W,N/A,N/A,N/A,N/A,N/A,N/A,FACE TO FACE,"KASAI, Hiromi",,,,
HPE021,Beginning Rhythms and Dance JAZZ DANCE,初級リズムダンス,3/W,N/A,N/A,N/A,N/A,N/A,N/A,FACE TO FACE,"KASAI, Hiromi",,,,
HPE021,Beginning Rhythms and Dance HIP HOP,初級リズムダンス,2/W,N/A,N/A,N/A,N/A,N/A,N/A,FACE TO FACE,"KASAI, Hiromi",,,,
HPE006,Physical Education Exercise II,PE　エクササイズⅡ,4/W,N/A,N/A,N/A,N/A,N/A,N/A,N/A,"TERADA, Kayo",,,,
WAB101,Arabic I,アラビア語 I,5/M,6/M,5/W,6/W,5/F,6/F,N/A,ONLINE,"KINOSHITA, Sotoku/MOHAMED MAHMOUD, Kholoud",,,,
WCN101,Chinese I,中国語 I,5/M,6/M,7/M,5/W,6/W,7/W,N/A,ONLINE (Enroll 25) Pre-Registration required via Registration Website,"QI, Hong/KAWASHIMA, Mai",,,,
WCN101,Chinese I,中国語 I,1/TU,2/TU,3/TU,1/TH,2/TH,3/TH,N/A,ONLINE (Enroll 25) Pre-Registration required via Registration Website,"QI, Hong/ZHAN, Haiyan",,,,
WCN101,Chinese I,中国語 I,5/TU,6/TU,7/TU,5/TH,6/TH,7/TH,N/A,ONLINE (Enroll 25) Pre-Registration required via Registration Website,"ZHAN, Haiyan/KAWASHIMA, Mai",,,,
WCN201,Advanced Chinese I,上級中国語 I,5/TH,6/TH,7/TH,N/A,N/A,N/A,N/A,ONLINE,"QI, Hong",,,,
WFR101,French I,フランス語 I,5/M,6/M,5/W,6/W,5/F,6/F,N/A,ONLINE (Enroll 25) Pre-Registration required via Registration Website,"NAITO, Mana/BUREAU, Xavier/DAIZEN, Mariko",,,,
WFR101,French I,フランス語 I,5/M,6/M,5/W,6/W,5/F,6/F,N/A,ONLINE (Enroll 25) Pre-Registration required via Registration Website,"NAITO, Mana/SHIRAISHI, Yoshiharu/GUILLEMOT, Celeste",,,,
WFR101,French I,フランス語 I,5/TU,6/TU,7/TU,5/TH,6/TH,7/TH,N/A,ONLINE (Enroll 25) Pre-Registration required via Registration Website,"NAITO, Mana/PIRIOU, Vincent N.",,,,
WFR101,French I,フランス語 I,5/TU,6/TU,7/TU,5/TH,6/TH,7/TH,N/A,ONLINE (Enroll 25) Pre-Registration required via Registration Website,"BUREAU, Xavier/DAIZEN, Mariko",,,,
WFR202,Advanced French I,上級フランス語I,4/M,4/W,4/F,N/A,N/A,N/A,N/A,ONLINE,"NAITO, Mana/BUREAU, Xavier/DAIZEN, Mariko",,,,
WFR202,Advanced French I,上級フランス語I,4/M,4/W,4/F,N/A,N/A,N/A,N/A,ONLINE,"NAITO, Mana/SHIRAISHI, Yoshiharu/GUILLEMOT, Celeste",,,,
WGR101,German I,ドイツ語 I,5/M,6/M,7/M,5/F,6/F,7/F,N/A,ONLINE (Enroll 25) Pre-Registration required via Registration Website,"MINAMI, Harz/BACKHAUS, Peter",,,,
WGR101,German I,ドイツ語 I,5/TU,6/TU,7/TU,5/TH,6/TH,7/TH,N/A,ONLINE (Enroll 25) Pre-Registration required via Registration Website,"BARTSCH, Josua/OHAMA, Yoko",,,,
WGR201,Advanced German I,上級ドイツ語 I,5/W,6/W,7/W,N/A,N/A,N/A,N/A,ONLINE,"BARTSCH, Josua",,,,
WIT101,Italian I,イタリア語 I,5/M,6/M,5/W,6/W,5/F,6/F,N/A,ONLINE,"NAKAYA, Shinko/USICCO, Francesca",,,,
WKR101,Korean I,韓国語 I,1/TU,2/TU,3/TU,1/TH,2/TH,3/TH,N/A,ONLINE (Enroll 25) Pre-Registration required via Registration Website,"HANDO, Chizuko/KIM, HYUNSHIN",,,,
WKR101,Korean I,韓国語 I,5/TU,6/TU,7/TU,5/TH,6/TH,7/TH,N/A,ONLINE (Enroll 25) Pre-Registration required via Registration Website,"OHE, Hye-Gyeong/HANDO, Chizuko",,,,
WKR101,Korean I,韓国語 I,5/W,6/W,7/W,5/F,6/F,7/F,N/A,ONLINE (Enroll 25) Pre-Registration required via Registration Website,"OHE, Hye-Gyeong/KIM, Sung Eun",,,,
WKR201,Advanced Korean I,上級韓国語 I,5/W,6/W,7/W,N/A,N/A,N/A,N/A,ONLINE,"OHE, Hye-Gyeong",,,,
WRU101,Russian I,ロシア語 I,5/TU,6/TU,7/TU,5/TH,6/TH,7/TH,N/A,MIXED MODE,"FUKASAWA, Yoko/GOTO, Ksenia",,,,
WSP101,Spanish I,スペイン語 I,1/TU,2/TU,3/TU,1/TH,2/TH,3/TH,N/A,ONLINE (Enroll 25) Pre-Registration required via Registration Website,"PEREZ GARRIDO, FEDERICO/NASU, Madori",,,,
WSP101,Spanish I,スペイン語 I,5/TU,6/TU,7/TU,5/TH,6/TH,7/TH,N/A,FACE TO FACE (Enroll 25) Pre-Registration required via Registration Website,"QUINTERO GARCIA, Daniel/NASU, Madori",,,,
WSP101,Spanish I,スペイン語 I,5/M,6/M,7/M,5/W,6/W,7/W,N/A,ONLINE (Enroll 25) Pre-Registration required via Registration Website,"QUINTERO GARCIA, Daniel/ROQUE DE HISHIYAMA, ADIENE SUSEJ",,,,
WSP201,Advanced Spanish I,上級スペイン語 I,5/M,6/M,7/M,N/A,N/A,N/A,N/A,ONLINE,"QUINTERO GARCIA, Daniel",,,,
ELG101,English for Liberal Arts Program: Overseas Academic Skills,リベラルアーツ英語プログラム：アカデミック・スキル　海外研修,N/A,N/A,N/A,N/A,N/A,N/A,N/A,(For Freshman SEA Program returnees),STAFF,,,,
ELG102,English for Liberal Arts Program: Overseas Research Writing,リベラルアーツ英語プログラム：論文作成　海外研修,N/A,N/A,N/A,N/A,N/A,N/A,N/A,(For Sophomore SEA Program returnees),STAFF,,,,
ELG103,Overseas English,英語海外研修,N/A,N/A,N/A,N/A,N/A,N/A,N/A,(For Freshman SEA Program returnees),STAFF,,,,
ELG201,Advanced English Studies: TOEFL,上級総合英語：TOEFL,1/M,1/W,N/A,N/A,N/A,N/A,N/A,ONLINE,"SMITH, Nicholas W.",,,,
ELG202,Advanced English Studies: IELTS,上級総合英語：IELTS,4/M,4/W,N/A,N/A,N/A,N/A,N/A,ONLINE,"KLASSEN, Kimberly",,,,
ELG301,The Foundations of Tutoring Academic Writing (English),アカデミック・ライティングのためのチュータリングの基礎（英語）,1/M,1/W,N/A,N/A,N/A,N/A,N/A,MIXED MODE (Enroll 20) Pre-Registration required via Registration Website,"EDWARDS, Susan",,,,
TCP219,Teaching Methods in Social Studies (Shakai-Ka),社会科・地理歴史科教育法 II,7/M,8/M,N/A,N/A,N/A,N/A,N/A,MIXED MODE,"TAKAYANAGI, Masahisa",,,,
TCP231,Guidance to Teaching Practice,教育実習事前事後指導,N/A,N/A,N/A,N/A,N/A,N/A,N/A,ONLINE SPRING RECESS and After Teaching Practice,"SATO, Chizu/OKAWA, Hiroshi",,,,
TCP232,Teaching Practice I,教育実習 I,N/A,N/A,N/A,N/A,N/A,N/A,N/A,ONLINE,"SATO, Chizu/OKAWA, Hiroshi",,,,
TCP233,Teaching Practice II,教育実習 II,N/A,N/A,N/A,N/A,N/A,N/A,N/A,ONLINE,"SATO, Chizu/OKAWA, Hiroshi",,,,
TCP242,Introduction to Geology,地質学概論,2/SA,3/SA,N/A,N/A,N/A,N/A,S-N231,ONLINE,"ORIHASHI, Yuji",,,,
TCP245,Chishi(Regional Geography),地誌,5/TH,6/TH,N/A,N/A,N/A,N/A,N/A,MIXED MODE,"IKUTA, Kiyoto",,,,
TCP253,Introduction to World History,世界史概論,7/TH,8/TH,N/A,N/A,N/A,N/A,N/A,MIXED MODE,"ISHIWATA, Takumi",,,,
TCP261,Introduction to Social Welfare,社会福祉概論,5/F,6/F,N/A,N/A,N/A,N/A,N/A,ONLINE,"ICHIKAWA, Kazuhiro",,,,
CTP201,Introduction to Lifelong Learning,生涯学習概論,2/SA,3/SA,N/A,N/A,N/A,N/A,N/A,ONLINE,"WATANABE, Yuko",,,,
CTP202,Museum Education,博物館教育論,5/M,6/M,N/A,N/A,N/A,N/A,N/A,MIXED MODE,"SAITO, Kayo",,,,
SLR201,Preparation for Service-Learning Field Study,サービス・ラーニングの実習準備,5/TU,N/A,N/A,N/A,N/A,N/A,N/A,MIXED MODE,"YOKOTE, Hitomi",,,,
SLR204,Community Service-Learning I,コミュニティ・サービス・ラーニング I,N/A,N/A,N/A,N/A,N/A,N/A,N/A,MIXED MODE RECESS,"TBA/ISHIHARA, Kenji",,,,
SLR205,International Service-Learning I,国際サービス・ラーニング I,N/A,N/A,N/A,N/A,N/A,N/A,N/A,ONLINE RECESS,"TBA/YOKOTE, Hitomi",,,,
SLR304,Community Service-Learning II,コミュニティ・サービス・ラーニング II,N/A,N/A,N/A,N/A,N/A,N/A,N/A,FACE TO FACE,"OKAMURA, Hideki/NUNOSHIBA, Tatsuo",,,,
SLR304,Community Service-Learning II,コミュニティ・サービス・ラーニング II,N/A,N/A,N/A,N/A,N/A,N/A,N/A,FACE TO FACE,"AOKI, Hiroyuki",,,,
STH391,Senior Thesis,卒業研究,N/A,N/A,N/A,N/A,N/A,N/A,N/A,N/A,STAFF,,,,
AMS101,Principles of American Studies,アメリカ学原論,5/TH,6/TH,7/TH,N/A,N/A,N/A,N/A,N/A,TBA,,,,
ANT102,Critical Issues in Anthropology,現代人類学の諸問題,3/M,3/W,3/F,N/A,N/A,N/A,N/A,ONLINE,"KATO, Etsuko",,,,
ANT203,Culture and Economy,文化と経済,2/M,2/W,2/F,N/A,N/A,N/A,N/A,ONLINE,"MALARNEY, Shaun K.",,,,
ANT205,Environment and Human Life,環境と人間生活,1/M,1/W,1/F,N/A,N/A,N/A,N/A,ONLINE,"MALARNEY, Shaun K.",,,,
ANT210,Society and Culture in Asia,アジア社会・文化論,5/TU,6/TU,7/TU,N/A,N/A,N/A,N/A,MIXED MODE,"YOSHIDA, Yukako",,,,
ANT214,Global Religious Movements in Asia,グローバル時代のアジアの宗教運動,3/TU,2/TH,3/TH,N/A,N/A,N/A,N/A,ONLINE,"BROWN, Bernardo Enrique",,,,
ARC103,Introduction to Cultural Heritage,文化遺産・文化財入門,3/M,3/W,3/F,N/A,N/A,N/A,N/A,MIXED MODE,"SHIRAHARA, Yukiko",,,,
ARC201,Ancient Art of the West,西洋古代美術,5/TU,6/TU,7/TU,N/A,N/A,N/A,N/A,ONLINE,"SATO, Marie",,,,
ARC205,Japanese Archaeology,日本考古学,5/F,6/F,7/F,N/A,N/A,N/A,N/A,ONLINE,"HAYASHI, Toru",,,,
ARC206,Medieval Art of the West,西洋中世美術,1/TU,2/TU,1/TH,N/A,N/A,N/A,N/A,ONLINE,"ITO, Aki",,,,
ARC209,Introduction to Museology,博物館概論,5/F,6/F,N/A,N/A,N/A,N/A,N/A,MIXED MODE,"HARA, Reiko",,,,
AST101,Invitation to Asian Studies,アジア研究への招き,*4/TU,*4/TH,N/A,N/A,N/A,N/A,N/A,ONLINE,"DAWSON, Walter P.",,,,
BIO102,Introduction to Biology,生物学入門,3/TU,3/TH,N/A,N/A,N/A,N/A,N/A,ONLINE,"KAMITO, Takehiko",,,,
BIO103,Laboratory in Foundation of Biology,基礎生物学実習,4/M,(5/M,6/M,7/M),N/A,N/A,S-E202,FACE TO FACE,"KAMITO, Takehiko/KOBAYASHI, Makito/MIZOGUCHI, Tsuyoshi/NUNOSHIBA, Tatsuo/GOURAUD, Sabine Sandra Stephanie/HAYAMA, Ryosuke",,,,
BIO212,Basic Concepts in Cell Biology,細胞生物学概論,2/TU,2/TH,N/A,N/A,N/A,N/A,SH-N331,MIXED MODE,"GOURAUD, Sabine Sandra Stephanie",,,,
BIO213,Basic Concepts in Genetics,遺伝学概論,3/TU,3/TH,N/A,N/A,N/A,N/A,SH-N231,MIXED MODE,"OHTA,Toshihiro",,,,
BIO214,Biostatistics,生物統計学,1/F,2/F,N/A,N/A,N/A,N/A,S-N307,MIXED MODE,"ABE, Masato",,,,
BIO321,Animal Developmental Biology,動物発生生物学,1/W,2/W,N/A,N/A,N/A,N/A,S-N332,MIXED MODE,"HIRAI, Kazuyuki",,,,
BIO342,Plant Physiology,植物生理学,1/TU,2/TU,N/A,N/A,N/A,N/A,N/A,ONLINE,"MIYATA, Kana",,,,
BIO351,Laboratory in Animal Development,動物発生学実習,4/TH,(5/TH,6/TH,7/TH),N/A,N/A,S-E202,FACE TO FACE,"HIROKI, Masato",,,,
BIO354,Laboratory in Molecular Genetics,分子遺伝学実習,N/A,N/A,N/A,N/A,N/A,N/A,N/A,FACE TO FACE SPRING RECESS,"NUNOSHIBA, Tatsuo",,,,
BIO381,Advanced Seminar in Biology I,生物学特別演習 I,5/W,6/W,N/A,N/A,N/A,N/A,S-N231,MIXED MODE,"NUNOSHIBA, Tatsuo",,,,
BIO381,Advanced Seminar in Biology I,生物学特別演習 I,5/W,6/W,N/A,N/A,N/A,N/A,S-N231,MIXED MODE,"KAMITO, Takehiko",,,,
BIO384,Advanced Studies in Biology I,生命科学特論 I,6/SA,7/SA,N/A,N/A,N/A,N/A,N/A,MIXED MODE,"NUNOSHIBA, Tatsuo",,,,
BIO384,Advanced Studies in Biology I,生命科学特論 I,6/SA,7/SA,N/A,N/A,N/A,N/A,N/A,MIXED MODE,"KAMITO, Takehiko",,,,
BIO384,Advanced Studies in Biology I,生命科学特論 I,6/SA,7/SA,N/A,N/A,N/A,N/A,N/A,MIXED MODE,"MIZOGUCHI, Tsuyoshi/GOURAUD, Sabine Sandra Stephanie",,,,
BIO384,Advanced Studies in Biology I,生命科学特論 I,6/SA,7/SA,N/A,N/A,N/A,N/A,N/A,MIXED MODE,"KOBAYASHI, Makito",,,,
BIO384,Advanced Studies in Biology I,生命科学特論 I,6/SA,7/SA,N/A,N/A,N/A,N/A,N/A,MIXED MODE,"HAYAMA, Ryosuke",,,,
BUS101,Accounting,会計学,5/F,6/F,7/F,N/A,N/A,N/A,N/A,ONLINE,"NAKANO, Masafumi",,,,
BUS102,Introduction to Business Administration,経営学序説,5/M,6/M,7/M,N/A,N/A,N/A,N/A,ONLINE,"KODAMA, Koichiro",,,,
BUS201,Business Administration,経営学,1/TU,2/TU,1/TH,N/A,N/A,N/A,N/A,ONLINE,"INABA, Yushi",,,,
BUS205,International Marketing,国際マーケティング論,1/M,1/W,1/F,N/A,N/A,N/A,N/A,ONLINE,"KANAZAWA, Yuichiro",,,,
BUS211,Financial Accounting,財務会計論,5/F,6/F,7/F,N/A,N/A,N/A,N/A,ONLINE,"ISHIDA, Souhei",,,,
CHM102,Foundation of Chemistry Laboratory,基礎化学実験,(4/F,5/F,6/F,7/F),N/A,N/A,S-W203,FACE TO FACE,"KOE, Julian R./MINEJIMA, Chika/KAWANO, Yasuro",,,,
CHM103,General Chemistry,基礎化学,2/TU,2/TH,N/A,N/A,N/A,N/A,S-N231,MIXED MODE,"CHUN, Wang Jae",,,,
CHM241,Physical Chemistry I,物理化学 I,2/M,2/W,N/A,N/A,N/A,N/A,S-N231,MIXED MODE,"CHUN, Wang Jae",,,,
CHM242,Physical Chemistry Laboratory,物理化学実験,(4/M,5/M,6/M,7/M),N/A,N/A,S-W203,FACE TO FACE,"ASHIMA, Hidenori",,,,
CHM322,Inorganic Chemistry III,無機化学 III,2/TU,2/TH,N/A,N/A,N/A,N/A,S-N102,MIXED MODE,"KOE, Julian R.",,,,
CHM331,Organic Chemistry II,有機化学 II,3/TU,3/TH,N/A,N/A,N/A,N/A,N/A,ONLINE,"KOBAYASHI, Junji",,,,
CHM333,Selected Topics in Organic Chemistry,有機化学特論,5/TU,6/TU,N/A,N/A,N/A,N/A,S-N231,MIXED MODE,"NAKANO, Koji",,,,
CHM381,Studies in Chemical Research I,化学特別研究 I,6/SA,7/SA,N/A,N/A,N/A,N/A,N/A,MIXED MODE,"CHUN, Wang Jae",,,,
CHM381,Studies in Chemical Research I,化学特別研究 I,6/SA,7/SA,N/A,N/A,N/A,N/A,N/A,MIXED MODE,"FUJINUMA, Ryosuke",,,,
CHM381,Studies in Chemical Research I,化学特別研究 I,6/SA,7/SA,N/A,N/A,N/A,N/A,N/A,ONLINE,"KOBAYASHI, Junji",,,,
CHM381,Studies in Chemical Research I,化学特別研究 I,5/SA,6/SA,N/A,N/A,N/A,N/A,N/A,MIXED MODE,"KOE, Julian R.",,,,
CHM381,Studies in Chemical Research I,化学特別研究 I,6/SA,7/SA,N/A,N/A,N/A,N/A,N/A,MIXED MODE,"MINEJIMA, Chika",,,,
DPS201,Norms in Development,開発における規範,5/W,6/W,N/A,N/A,N/A,N/A,N/A,ONLINE,"INADA,Juichi",,,,
DPS202,International Cooperation for Development,国際開発協力論,1/SA,2/SA,3/SA,N/A,N/A,N/A,N/A,ONLINE,"KOBAYASHI, Takaaki",,,,
DPS204,Development Microeconomics,開発のミクロ経済学,(5/TH,6/TH),N/A,N/A,N/A,N/A,N/A,ONLINE,"KONDO, Masanori",,,,
ECO101,Principles of Macroeconomics,マクロ経済学原論,1/TU,2/TU,1/TH,N/A,N/A,N/A,N/A,ONLINE,"SAITO, Jun",,,,
ECO102,Principles of Microeconomics,ミクロ経済学原論,*4/TU,*4/TH,N/A,N/A,N/A,N/A,N/A,ONLINE,"KONDO, Masanori",,,,
ECO103,Statistics for Business and Economics,経済と経営のための統計学,5/W,6/W,7/W,N/A,N/A,N/A,N/A,ONLINE (Enroll 70) Pre-Registration required via Registration Website,"KANAZAWA, Yuichiro",,,,
ECO211,Econometrics,計量経済学,5/W,6/W,7/W,N/A,N/A,N/A,N/A,MIXED MODE,"CHEN, Jau-er",,,,
ECO231,Game Theory,ゲーム理論,5/F,6/F,7/F,N/A,N/A,N/A,N/A,ONLINE,"YOSHINO, Kaoru",,,,
ECO232,Intermediate Macroeconomics,中級マクロ経済学,3/TU,2/TH,3/TH,N/A,N/A,N/A,N/A,N/A,"MONTGOMERY, Heather A.",,,,
ECO333,Intermediate Microeconomics II,中級ミクロ経済学 II,5/M,6/M,7/M,N/A,N/A,N/A,N/A,ONLINE,"SASAKI, Dan",,,,
ECO354,Environmental Economics,環境経済学,5/TU,6/TU,7/TU,N/A,N/A,N/A,N/A,ONLINE,"NUKI, Masahide",,,,
ECO381,Advanced Studies in Economics I,経済学特別講義 I,2/TH,3/TH,N/A,N/A,N/A,N/A,N/A,MIXED MODE,"MONTGOMERY, Heather A.",,,,
EDU101,Computer Applications in Education,教育におけるコンピュータの利用,5/M,6/M,N/A,N/A,N/A,N/A,N/A,ONLINE,"JUNG, Insung/TAKABAYASHI, Tomomi",,,,
EDU111,History of Japanese Education,日本教育史,5/F,6/F,N/A,N/A,N/A,N/A,N/A,ONLINE,"MAEDA, Koji",,,,
EDU115,Principles of Education,教育原理,1/W,1/F,N/A,N/A,N/A,N/A,N/A,ONLINE,"OKAWA, Hiroshi",,,,
EDU117,Development and Education,開発と教育,3/M,3/W,3/F,N/A,N/A,N/A,N/A,ONLINE,"NISHIMURA, Mikiko",,,,
EDU211,Christian Philosophy of Education,キリスト教教育哲学,5/W,6/W,N/A,N/A,N/A,N/A,N/A,MIXED MODE,"OKAWA, Hiroshi",,,,
EDU214,Extra-Curricular Activities,特別活動論,5/TU,6/TU,N/A,N/A,N/A,N/A,N/A,ONLINE,"MIZUGUCHI, Hiroshi",,,,
EDU221,Education in Developing Nations,発展途上国における教育,2/TH,3/TH,N/A,N/A,N/A,N/A,N/A,ONLINE,"DAWSON, Walter P.",,,,
EDU223,Virtual Communication in Education,教育におけるバーチャルコミュニケーション,5/W,6/W,N/A,N/A,N/A,N/A,N/A,MIXED MODE,"AOKI, Hiroyuki",,,,
EDU305,Principles of Audio-Visual Education,視聴覚教育原理,2/M,2/W,N/A,N/A,N/A,N/A,N/A,MIXED MODE,"AOKI, Hiroyuki",,,,
EDU308,Learning and Communication Data Analysis,学習とコミュニケーションのデータ分析,5/TH,(6/TH,7/TH),N/A,N/A,N/A,N/A,MIXED MODE,"AOKI, Hiroyuki",,,,
EDU314,Practicum for International Education Project Evaluation,国際教育プロジェクト評価実習,1/TU,2/TU,N/A,N/A,N/A,N/A,N/A,ONLINE,"DAWSON, Walter P.",,,,
EDU315,Japanese Education in Comparative Perspective,比較の視点からみた日本の教育,3/M,3/W,3/F,N/A,N/A,N/A,N/A,ONLINE,"LANGAGER, Mark W.",,,,
EDU317,Studies in Curriculum and Instruction,カリキュラム研究,3/M,3/W,N/A,N/A,N/A,N/A,N/A,MIXED MODE,"SATO, Chizu",,,,
ENV103,Introduction to Environmental Management,環境経営入門,2/TH,3/TH,N/A,N/A,N/A,N/A,N/A,ONLINE,"MIYAZAKI, Nobuyuki",,,,
ENV202,Environmental Politics and Philosophy: Nature,環境の政治と規範:　自然、食、農の視点から,2/M,2/W,2/F,N/A,N/A,N/A,N/A,MIXED MODE,"FUJINUMA, Ryosuke",,,,
GSS101,Approaches to Gender and Sexuality Studies,ジェンダー・セクシュアリティ研究へのアプローチ,*4/TU,*4/TH,N/A,N/A,N/A,N/A,N/A,ONLINE,"IKOMA, Natsumi/TAKAMATSU, Kana",,,,
GSS102,Religion and Gender,宗教とジェンダー,5/F,6/F,7/F,N/A,N/A,N/A,N/A,ONLINE,"HORIE, Yuri",,,,
GLS101,Global Governance,グローバル・ガバナンス論,3/TU,2/TH,3/TH,N/A,N/A,N/A,N/A,ONLINE,"MORI, Katsuhiko",,,,
HST102,History of Europe (Britain) I,西洋史（イギリス）I,3/TU,2/TH,3/TH,N/A,N/A,N/A,N/A,MIXED MODE,"NASU, Kei",,,,
HST104,History of Japan (Ancient and Medieval) I,日本史（古代・中世）I,1/TU,2/TU,1/TH,N/A,N/A,N/A,N/A,MIXED MODE,"OLAH, Csaba",,,,
HST211,Methods for Historical Research,歴史学研究方法,5/W,6/W,7/W,N/A,N/A,N/A,N/A,MIXED MODE,"KIKUCHI, Hideaki/NASU, Kei",,,,
HST223,Japanese Intellectual History,日本思想史,*4/TU,*4/TH,N/A,N/A,N/A,N/A,N/A,MIXED MODE,"TSUBAKIDA, Yukiko",,,,
HST224,Modern Japan and ICU,近代日本とICU,5/TU,6/TU,7/TU,N/A,N/A,N/A,N/A,MIXED MODE,"KISHI, Yu",,,,
HST233,History of South Asia (India),南アジア史（インド）,5/F,6/F,7/F,N/A,N/A,N/A,N/A,MIXED MODE,"UNO, Ayako",,,,
HST237,History of Korea,韓国史,5/M,6/M,7/M,N/A,N/A,N/A,N/A,ONLINE,"ROKUTANDA, Yutaka",,,,
HST238,Introductory Readings in East Asian History,東アジア史文献基礎講読,2/TH,3/TH,N/A,N/A,N/A,N/A,N/A,MIXED MODE,"KIKUCHI, Hideaki",,,,
HST245,Social History of Europe,ヨーロッパ社会史,*4/TU,*4/TH,N/A,N/A,N/A,N/A,N/A,MIXED MODE,"YAMAMOTO, Taeko",,,,
HST262,Introductory Readings in Social History,社会史文献基礎講読,5/F,6/F,N/A,N/A,N/A,N/A,N/A,MIXED MODE,"YAMAMOTO, Taeko",,,,
HST264,20th-century World History,20世紀世界史,5/M,6/M,7/M,N/A,N/A,N/A,N/A,MIXED MODE,"ONODERA, Takuya",,,,
HST321,Colloquium in Medieval Japanese History,中世日本史特別研究,5/TH,6/TH,7/TH,N/A,N/A,N/A,N/A,MIXED MODE,"OLAH, Csaba",,,,
HST331,Colloquium in Asian History,アジア史特別研究,5/TH,6/TH,7/TH,N/A,N/A,N/A,N/A,MIXED MODE,"KIKUCHI, Hideaki",,,,
IRL102,Introduction to International Relations,国際関係学概論,*4/TU,*4/TH,N/A,N/A,N/A,N/A,N/A,ONLINE,"SUH, Jae-Jung",,,,
IRL215,Ethnicity,ナショナリズム研究,6/TH,7/TH,N/A,N/A,N/A,N/A,N/A,ONLINE,"SHANI, Giorgiandrea",,,,
IRL233,Politics and International Relations in Africa,アフリカの政治と国際関係,2/TH,3/TH,N/A,N/A,N/A,N/A,N/A,ONLINE,"SALTON, Herman",,,,
IRL234,Politics and International Relations in China,中国の政治と国際関係,1/TU,2/TU,N/A,N/A,N/A,N/A,N/A,ONLINE,"NAGY, Stephen R.",,,,
IRL235,Politics and International Relations in Europe,欧州の政治と国際関係,5/W,6/W,N/A,N/A,N/A,N/A,N/A,ONLINE,"VOSSE, Wilhelm M.",,,,
IRL237,Politics and International Relations in Latin America,ラテンアメリカの政治と国際関係,5/TU,6/TU,N/A,N/A,N/A,N/A,N/A,ONLINE,"OHGUSHI, Kazuo",,,,
IRL240,Politics and International Relations in South Asia,南アジアの政治と国際関係,3/TU,3/TH,N/A,N/A,N/A,N/A,N/A,ONLINE,"SHANI, Giorgiandrea",,,,
IRL241,Politics and International Relations in Southeast Asia,東南アジアの政治と国際関係,5/W,6/W,N/A,N/A,N/A,N/A,N/A,ONLINE,"TAKAMATSU, Kana",,,,
IRL388,Advanced Studies in International Relations,国際関係学特別研究,6/TH,7/TH,N/A,N/A,N/A,N/A,N/A,MIXED MODE,"SUH, Jae-Jung",,,,
ISC101,Information Ethics,情報倫理,3/TU,3/TH,N/A,N/A,N/A,N/A,N/A,ONLINE,"ISHIBASHI, Keisuke",,,,
ISC103,Foundation of Computers,コンピュータ基礎,5/TH,6/TH,7/TH,N/A,N/A,N/A,N/A,ONLINE,"YAMAUCHI, Yukari",,,,
ISC224,Operating Systems,オペレーティングシステム,2/TU,3/TU,N/A,N/A,N/A,N/A,N/A,ONLINE,"KABURAGI, Takashi",,,,
ISC314,Numerical Methods in Science,数値解析入門,5/M,6/M,7/M,N/A,N/A,N/A,S-N307,MIXED MODE,"KABURAGI, Takashi/ISHIBASHI, Keisuke",,,,
ISC315,Senior Seminar in Information Science I,情報科学四年次セミナー I,2/F,3/F,N/A,N/A,N/A,N/A,N/A,ONLINE,"KABURAGI, Takashi",,,,
ISC344,Topics in Web Engineering,Web工学特論,5/TU,(6/TU,7/TU),N/A,N/A,N/A,S-N307,ONLINE,"KOBAYASHI, Aki",,,,
ISC351,Computer Games,コンピュータゲーム,6/TH,7/TH,N/A,N/A,N/A,N/A,N/A,ONLINE,"OHTA, Keiji",,,,
JPS101,Introduction to Japan Studies,日本研究概論,5/W,6/W,7/W,N/A,N/A,N/A,N/A,ONLINE,"HANDA, Atsuko",,,,
LED102,Principles of Language Learning and Teaching,言語教授法原論,3/TU,2/TH,3/TH,N/A,N/A,N/A,N/A,MIXED MODE,"TSUJITA, Mari",,,,
LED215,Pronunciation for Language Teaching,教授用音声学と音韻論,*4/TU,*4/TH,N/A,N/A,N/A,N/A,N/A,ONLINE,"QUAY, Suzanne",,,,
LED231,English Linguistics for Language Teaching,言語教育のための英語学,2/M,2/W,2/F,N/A,N/A,N/A,N/A,MIXED MODE,"TSUJITA, Mari",,,,
LED235,Teaching Methods in English (Eigo-ka) III,英語科教育法III,4/M,4/W,4/F,N/A,N/A,N/A,N/A,MIXED MODE,"FUJII, Akiko",,,,
LED252,Japanese Linguistics for Language Teaching,言語教育のための日本語学,2/M,2/W,2/F,N/A,N/A,N/A,N/A,ONLINE,"SATO, Yutaka",,,,
LED276,Teaching Methods in Japanese (Kokugo-ka) III,国語科教育法 III,5/TH,6/TH,N/A,N/A,N/A,N/A,N/A,MIXED MODE,"LI, Jun",,,,
LED332,Techniques in English Language Teaching: Listening,英語四技能の教授法,5/M,6/M,7/M,N/A,N/A,N/A,N/A,ONLINE,"RACINE, John P.",,,,
LED333,Topics in English Grammar for Language Education II,言語教育のための英語文法 II,5/TH,6/TH,7/TH,N/A,N/A,N/A,N/A,ONLINE,"IKEDA, Makoto",,,,
LED351,History of the Japanese Language II,日本語史 II,5/TU,6/TU,7/TU,N/A,N/A,N/A,N/A,ONLINE,"TOKIWA, Tomoko",,,,
LED353,Overseas Teaching Practicum in Japanese,海外日本語教育実習,N/A,N/A,N/A,N/A,N/A,N/A,N/A,MIXED MODE SPRING RECESS,"HANDA, Atsuko",,,,
LED361,The Teaching of Japanese as a Foreign Language III,外国語としての日本語教授法III,4/M,4/W,4/F,N/A,N/A,N/A,N/A,ONLINE,"HANDA, Atsuko",,,,
LAW102,Introduction to Legal Science,法学入門,2/M,2/W,2/F,N/A,N/A,N/A,N/A,ONLINE,"TERADA, Mayu",,,,
LAW203,Civil Law I,民法 I,5/M,6/M,N/A,N/A,N/A,N/A,N/A,ONLINE,"KAMIGOCHI, Chikako",,,,
LAW217,Criminal Law I,刑法 I,1/SA,2/SA,3/SA,N/A,N/A,N/A,N/A,ONLINE,"UTSUMI, Tomoko/IMAI, Kosuke",,,,
LAW221,International Family Law,国際家族法,5/F,6/F,N/A,N/A,N/A,N/A,N/A,MIXED MODE,"AKIYAMA, Hajime",,,,
LAW223,International Moot Court & Simulation,国際模擬裁判・シミュレーション,5/W,6/W,7/W,N/A,N/A,N/A,N/A,ONLINE,"MATSUDA, Hiromichi",,,,
LAW314,Law and Society,法と社会,5/TU,6/TU,7/TU,N/A,N/A,N/A,N/A,ONLINE,"OHYA, Takehiro",,,,
LAW382,Advanced Studies in Legal Science II,法学特別研究 II,5/W,6/W,7/W,N/A,N/A,N/A,N/A,MIXED MODE,"TERADA, Mayu",,,,
LAW383,Advanced Studies in Legal Science III,法学特別研究 III,5/TH,6/TH,7/TH,N/A,N/A,N/A,N/A,ONLINE,"ARAKAKI, Osamu",,,,
LNG102,Introduction to Linguistics II,言語学入門 II,3/M,3/W,3/F,N/A,N/A,N/A,N/A,ONLINE,"YOSHIDA, Tomoyuki",,,,
LNG212,Morphology,形態論,4/M,4/W,4/F,N/A,N/A,N/A,N/A,ONLINE,"YOSHIDA, Tomoyuki",,,,
LNG215,Pragmatics,語用論,2/M,2/W,2/F,N/A,N/A,N/A,N/A,MIXED MODE,"MIZUTA, Yoko",,,,
LNG218,Sociolinguistics,社会言語学,1/M,1/W,1/F,N/A,N/A,N/A,N/A,MIXED MODE,"EDA, Sanae",,,,
LNG391,Topics in Linguistics II,言語学特別研究 II,5/W,6/W,7/W,N/A,N/A,N/A,N/A,MIXED MODE,"LEE, Seunghun",,,,
LNG392,Advanced Studies in Linguistics I,言語学上級セミナー I,5/TH,6/TH,7/TH,N/A,N/A,N/A,N/A,MIXED MODE,"KUBOZONO, Haruo",,,,
LNG394,Advanced Studies in Linguistics III,言語学上級セミナー III,5/TU,6/TU,7/TU,N/A,N/A,N/A,N/A,MIXED MODE,"ONO, Hajime",,,,
LIT102,Greek Language I,ギリシア語 I,2/M,2/W,2/F,N/A,N/A,N/A,N/A,MIXED MODE,"SANO, Yoshinori",,,,
LIT104,History of American Literature I,アメリカ文学史 I,5/M,6/M,7/M,N/A,N/A,N/A,N/A,ONLINE,"MASUI, Shitsuyo",,,,
LIT113,Introduction to Japanese Literature II,日本文学概論 II,5/F,6/F,7/F,N/A,N/A,N/A,N/A,ONLINE,"KAMBAYASHI, Naoko",,,,
LIT115,Latin Language I,ラテン語 I,1/TU,2/TU,N/A,N/A,N/A,N/A,N/A,MIXED MODE,"KOBAYASHI, Kaoru",,,,
LIT213,Classical Literature III,西洋古典文学 III,5/F,6/F,N/A,N/A,N/A,N/A,N/A,MIXED MODE,"HIRATA, Shogo",,,,
LIT216,Readings in Greek II,ギリシア語講読 II,5/M,6/M,N/A,N/A,N/A,N/A,N/A,MIXED MODE,"SANO, Yoshinori",,,,
LIT217,Readings in Latin I,ラテン語講読 I,5/W,6/W,N/A,N/A,N/A,N/A,N/A,MIXED MODE,"SANO, Yoshinori",,,,
LIT223,Contemporary English Literature II,現代英文学 II,3/TU,2/TH,3/TH,N/A,N/A,N/A,N/A,ONLINE,"SIMONS, Christopher E. J.",,,,
LIT226,Romanticism and Creativity,ロマン主義と創造性,1/TU,2/TU,1/TH,N/A,N/A,N/A,N/A,ONLINE,"SIMONS, Christopher E. J.",,,,
LIT241,French Poetry I,フランス詩Ｉ,5/TU,6/TU,7/TU,N/A,N/A,N/A,N/A,N/A,"HATAKEYAMA, Toru",,,,
LIT242,French Poetry II,フランス詩ＩI,5/F,6/F,7/F,N/A,N/A,N/A,N/A,MIXED MODE,"SATO, Sonoko",,,,
LIT247,French Literature,フランス文学・映画・思想 I,1/TU,2/TU,1/TH,N/A,N/A,N/A,N/A,ONLINE,"AMMOUR-MAYEUR, Olivier",,,,
LIT263,Medieval Japanese Literature,中世日本文学,5/TU,6/TU,7/TU,N/A,N/A,N/A,N/A,ONLINE,"TAKAGI, Makoto",,,,
LIT265,Modern Japanese Literature I,近・現代日本文学 I,5/TH,6/TH,7/TH,N/A,N/A,N/A,N/A,MIXED MODE,"TAGUCHI, Mana",,,,
LIT271,World Literature I,世界の文学 I,N/A,N/A,N/A,N/A,N/A,N/A,N/A,N/A,TBA,,,,
LIT373,Literary Theory and Feminism II,文学理論とフェミニズム II,3/TU,2/TH,3/TH,N/A,N/A,N/A,N/A,MIXED MODE,"IKOMA, Natsumi",,,,
MTH101,Calculus I,微分積分学Ⅰ,1/TH,2/TH,(6/F,7/F),N/A,N/A,S-N332,MIXED MODE,"HITZER, Eckhard",,,,
MTH102,Introduction to Mathematics,数学入門,1/TH,2/TH<6/M,7/M or 6/W,7/W>,N/A,N/A,S-N220,MIXED MODE,"MATSUMURA, Tomoo",,,,
MTH211,Calculus II,微分積分学Ⅱ,5/M,(6/M,7/M),N/A,N/A,N/A,N/A,ONLINE,"YAMAZAKI, Mitsuru",,,,
MTH232,Basic Concepts in Mathematics I (Sets and Algebraic Structures),数学通論 I（集合と代数系）,2/M,(2/W,2/F),N/A,N/A,N/A,S-S312,MIXED MODE,"MATSUMURA, Tomoo",,,,
MTH233,Linear Algebra II,線形代数学 II,5/TU,(6/TU,7/TU),N/A,N/A,N/A,S-N332,MIXED MODE,"TSUCHIYA, Akiyoshi",,,,
MTH311,Analysis I,解析学 I,5/TU,(6/TU,7/TU),N/A,N/A,N/A,N/A,ONLINE,"NAKAISHI, Kentaro",,,,
MTH331,Algebra I,代数学 I,5/M,(6/M,7/M),N/A,N/A,N/A,N/A,ONLINE,"MOON, HYUNSUK",,,,
MTH351,Geometry I,幾何学 I,5/W,(6/W,7/W),N/A,N/A,N/A,N/A,ONLINE,"ISHIBE, Tadashi",,,,
MTH382,Advanced Seminar in Mathematics I,数学特別演習 I,6/SA,7/SA,N/A,N/A,N/A,N/A,N/A,ONLINE,"YAMAZAKI, Mitsuru/MATSUMURA, Tomoo",,,,
MTH385,Senior Seminar in Mathematics I,数学四年次セミナー I,2/SA,3/SA,N/A,N/A,N/A,N/A,N/A,ONLINE,"YAMAZAKI, Mitsuru",,,,
MTH385,Senior Seminar in Mathematics I,数学四年次セミナー I,2/SA,3/SA,N/A,N/A,N/A,N/A,N/A,ONLINE,"MATSUMURA, Tomoo",,,,
MCC103,Introduction to Cultural Studies,カルチュラル・スタディーズ入門,3/TU,2/TH,3/TH,N/A,N/A,N/A,N/A,ONLINE,"ARIMOTO, Takeshi",,,,
MCC104,Language and Society,言語と社会,1/TU,2/TU,1/TH,N/A,N/A,N/A,N/A,MIXED MODE,"FUJITA-ROUND, Sachiyo",,,,
MCC109,Introduction to Media and Communication Theories,メディア・コミュニケーションの基礎理論,3/TU,2/TH,3/TH,N/A,N/A,N/A,N/A,ONLINE,"JUNG, Joo-Young J.",,,,
MCC218,Language in the United States,アメリカにおける言語,5/M,6/M,7/M,N/A,N/A,N/A,N/A,ONLINE,"NAKAMURA, Keiko",,,,
MCC235,Media Interpreting,メディア通訳,5/TH,6/TH,7/TH,N/A,N/A,N/A,N/A,ONLINE,"TAMURA, Tomoko",,,,
MCC236,Translation at Work,創造する翻訳,1/SA,2/SA,3/SA,N/A,N/A,N/A,N/A,ONLINE (Enroll 20) Pre-Registration required via Registration Website,"HE, Beibei",,,,
MCC238,Translation in Society,社会と翻訳,3/M,3/W,N/A,N/A,N/A,N/A,N/A,ONLINE,"CURRAN, Beverley F. M.",,,,
MCC256,Introduction to Media Studies,メディア研究入門,5/W,6/W,7/W,N/A,N/A,N/A,N/A,ONLINE,"MIYATA, Kenichi",,,,
MCC257,Media and Multicultural Society,メディアと多文化社会,1/TU,2/TU,N/A,N/A,N/A,N/A,N/A,ONLINE,"TSE, Yu-Kei",,,,
MCC273,Intercultural Communication,異文化コミュニケーション,3/TU,2/TH,3/TH,N/A,N/A,N/A,N/A,ONLINE,"AONUMA, Satoru",,,,
MCC331,Advanced Interpreting Practice,実践通訳上級,5/W,6/W,7/W,N/A,N/A,N/A,N/A,ONLINE,"TAMURA, Tomoko",,,,
MCC372,Humanistic Approaches to Communication,コミュニケーション学の人文学的アプローチ,*4/TU,*4/TH,N/A,N/A,N/A,N/A,N/A,MIXED MODE,"AONUMA, Satoru",,,,
MCC384,Advanced Studies in Media Studies,メディア論特別研究,5/W,6/W,7/W,N/A,N/A,N/A,N/A,ONLINE,"TSE, Yu-Kei",,,,
MUS105,Basic Theory of Music I,基礎音楽理論 I,(5/M,6/M,7/M),N/A,N/A,N/A,N/A,ONLINE,"TAMURA, Harumi",,,,
MUS214,Studies in Music Performance I,音楽演奏研究 I,5/W,6/W,7/W,N/A,N/A,N/A,N/A,ONLINE,"HATANO, Mutsumi",,,,
MUS381,Music Fieldwork Theory and Practice,音楽フィールドワーク：理論と実践,5/TH,6/TH,7/TH,N/A,N/A,N/A,N/A,ONLINE,"GILLAN, Matthew A.",,,,
MUS382,Advanced Studies in Music,音楽特別研究,4/M,4/W,4/F,N/A,N/A,N/A,N/A,MIXED MODE,"SATO, Nozomi",,,,
PCS101,Peace Studies I,平和研究 I,3/M,3/W,3/F,N/A,N/A,N/A,N/A,ONLINE,"VOSSE, Wilhelm M.",,,,
PHR106,Introduction to Philosophy,哲学概論,3/M,3/W,3/F,N/A,N/A,N/A,N/A,MIXED MODE,"ALBERG, Jeremiah L.",,,,
PHR115,Logic,論理学,5/F,6/F,7/F,N/A,N/A,N/A,N/A,ONLINE,"MATSUSAKA, Yoichi",,,,
PHR223,History of Ancient and Medieval Philosophy,古代・中世哲学史,3/M,3/W,3/F,N/A,N/A,N/A,N/A,MIXED MODE,"SANO, Yoshinori",,,,
PHR226,Old Testament Hebrew,旧約ヘブライ語,*4/TU,*4/TH,N/A,N/A,N/A,N/A,N/A,MIXED MODE,"RO, Johannes Unsok",,,,
PHR227,Environmental Ethics and Religion,環境倫理と宗教,3/TU,2/TH,3/TH,N/A,N/A,N/A,N/A,ONLINE,"KAWAMOTO, Takashi",,,,
PHR240,Religions in Japan,日本の宗教,3/M,3/W,3/F,N/A,N/A,N/A,N/A,ONLINE,"ESKILDSEN, Stephen Edward",,,,
PHR244,History of Christianity II,キリスト教史 II,3/TU,2/TH,3/TH,N/A,N/A,N/A,N/A,ONLINE,"MORIMOTO, Anri",,,,
PHR321,Philosophical Anthropology,人間論,4/M,4/W,4/F,N/A,N/A,N/A,N/A,N/A,"ALBERG, Jeremiah L.",,,,
PHR322,Aesthetics,美学,5/F,6/F,7/F,N/A,N/A,N/A,N/A,ONLINE,"GOROMARU, Hitomi",,,,
PHR382,Seminar in Eastern Thought,東洋思想研究,*4/TU,*4/TH,N/A,N/A,N/A,N/A,N/A,MIXED MODE,"ESKILDSEN, Stephen Edward",,,,
PHY105,Foundation of Physics Laboratory,基礎物理学実験,5/TH,(6/TH,7/TH),N/A,N/A,N/A,S-S201,FACE TO FACE,"OKANO, Ken/KAKINUMA, Toru/YAMAZAKI, Rekishu",,,,
PHY106,Hot Topics in Physics,最先端の物理学,3/TU,3/TH,N/A,N/A,N/A,N/A,S-N332,MIXED MODE,"OKAMURA, Hideki/OKANO, Ken/YAMAZAKI, Rekishu/HIRASHIMA, Dai/HITZER, Eckhard",,,,
PHY107,Craftmanship for Physicists,ものづくり入門,5/M,(6/M,7/M),N/A,N/A,N/A,S-N332,FACE TO FACE,"OKAMURA, Hideki/YAMAZAKI, Rekishu",,,,
PHY201,Mathematics for Natural Scientists,自然科学のための数学,5/TU,6/TU,N/A,N/A,N/A,N/A,N/A,ONLINE,"Veltcheva, Albena Dimitrova",,,,
PHY221,Electricity and Magnetism,電磁気学,1/TH,2/TH,(1/TU,2/TU),N/A,N/A,SH-N232,MIXED MODE,"YOKOJIMA, Satoshi/TEZUKA, Ayako",,,,
PHY241,Modern Physics A,現代物理学 A,2/M,2/W,N/A,N/A,N/A,N/A,S-N232,MIXED MODE,"HIRASHIMA, Dai",,,,
PHY241,Modern Physics A,現代物理学 A,2/M,2/W,N/A,N/A,N/A,N/A,S-N232,MIXED MODE,"HITZER, Eckhard",,,,
PHY381,Special Studies in Physics I,物理学特論 I,5/TH,6/TH,N/A,N/A,N/A,N/A,N/A,ONLINE,"KOTANI, Taro",,,,
PHY384,Special Studies in Physics IV,物理学特論 IV,5/W,6/W,N/A,N/A,N/A,N/A,S-N332,MIXED MODE,"HIRASHIMA, Dai",,,,
PHY385,Special Studies in Physics V,物理学特論 V,6/SA,7/SA,N/A,N/A,N/A,N/A,N/A,MIXED MODE,"HIRASHIMA, Dai",,,,
PHY385,Special Studies in Physics V,物理学特論 V,6/SA,7/SA,N/A,N/A,N/A,N/A,N/A,MIXED MODE,"OKAMURA, Hideki",,,,
PHY385,Special Studies in Physics V,物理学特論 V,6/SA,7/SA,N/A,N/A,N/A,N/A,N/A,MIXED MODE,"OKANO, Ken",,,,
PHY385,Special Studies in Physics V,物理学特論 V,6/SA,7/SA,N/A,N/A,N/A,N/A,N/A,MIXED MODE,"YAMAZAKI, Rekishu",,,,
POL101,Introduction to Political Methodology,政治学方法論入門,3/TU,2/TH,3/TH,N/A,N/A,N/A,N/A,ONLINE,"COLLET, Christian",,,,
POL103,Introduction to Political Science,政治学概論,*4/TU,*4/TH,N/A,N/A,N/A,N/A,N/A,N/A,"KIBE, Takashi",,,,
POL211,History of Western Political Thought I,西欧政治思想史 I,5/TU,6/TU,N/A,N/A,N/A,N/A,N/A,ONLINE,"KONDO, Kazutaka",,,,
POL216,History of Japanese Political Thought,日本政治思想史,5/M,6/M,7/M,N/A,N/A,N/A,N/A,ONLINE,"OKUBO, Takeharu",,,,
POL382,Advanced Studies in Political Science II,政治学特別研究 II,5/W,6/W,7/W,N/A,N/A,N/A,N/A,N/A,"KIBE, Takashi",,,,
POL383,Advanced Studies in Political Science III,政治学特別研究 III,5/TH,6/TH,7/TH,N/A,N/A,N/A,N/A,ONLINE,"TAKAMATSU, Kana",,,,
PSY101,Educational Psychology,教育心理学,5/M,6/M,N/A,N/A,N/A,N/A,N/A,ONLINE,"KUBOTA, Mari",,,,
PSY103,Introduction to Contemporary Psychology,現代心理学入門,3/M,3/W,3/F,N/A,N/A,N/A,N/A,ONLINE,"NISHIMURA, Kaoru/NAOI, Nozomi/MORISHIMA, Yasunori/MIYAKAWA, Erika",,,,
PSY221,Experimental Research Method in Psychology,心理学実験,*4/TU,*4/TH,N/A,N/A,N/A,N/A,N/A,MIXED MODE,"NAOI, Nozomi",,,,
PSY241,Cognitive Psychology,認知心理学,4/M,4/W,4/F,N/A,N/A,N/A,N/A,ONLINE,"MORISHIMA, Yasunori",,,,
PSY252,Developmental Disorders,発達障害,5/W,6/W,N/A,N/A,N/A,N/A,N/A,ONLINE,"KASAHARA, Mari",,,,
PSY271,Clinical Psychology,臨床心理学,1/TU,2/TU,1/TH,N/A,N/A,N/A,N/A,ONLINE,"NISHIMURA, Kaoru",,,,
PSY322,Observation and Interview in Psychology,観察と面接法,2/TH,3/TH,N/A,N/A,N/A,N/A,N/A,MIXED MODE,"NISHIMURA, Kaoru/STAFF",,,,
PSY363,Studies in Interpersonal Behaviour,対人行動研究,5/TU,6/TU,N/A,N/A,N/A,N/A,N/A,ONLINE,"MIYAKAWA, Erika",,,,
PPL102,Introduction to Foreign Policy,外交政策入門,3/TU,2/TH,3/TH,N/A,N/A,N/A,N/A,ONLINE,"NAGY, Stephen R.",,,,
PPL202,Local Governance,地方自治論,1/TU,2/TU,1/TH,N/A,N/A,N/A,N/A,ONLINE,"NISHIO, Takashi",,,,
PPL302,Legislative Process,立法過程論,5/F,6/F,7/F,N/A,N/A,N/A,N/A,MIXED MODE,"ASANO, Yoshiharu",,,,
PPL381,Advanced Studies in Public Policy I,公共政策特別研究 I,5/M,6/M,7/M,N/A,N/A,N/A,N/A,MIXED MODE,"NISHIO, Takashi",,,,
SOC102,Principles of Sociology,社会学原論,1/SA,2/SA,3/SA,N/A,N/A,N/A,N/A,ONLINE,"UNO, Mayumi",,,,
SOC102,Principles of Sociology,社会学原論,1/TU,2/TU,1/TH,N/A,N/A,N/A,N/A,ONLINE,"KIM, Allen",,,,
SOC103,Approaches to Sociological Research,社会学的研究へのアプローチ,3/TU,2/TH,3/TH,N/A,N/A,N/A,N/A,ONLINE,"NA, Ildeung",,,,
SOC201,Gender and Social Structure,ジェンダーと社会構造,5/F,6/F,7/F,N/A,N/A,N/A,N/A,ONLINE,"SUZUKI, Ayaka",,,,
SOC205,Introduction to Japanese Society,日本社会入門,5/M,6/M,7/M,N/A,N/A,N/A,N/A,ONLINE,"LIM, Youngmi",,,,
SOC208,Sociology of Agriculture and Food,食と農の社会学,*4/TU,*4/TH,N/A,N/A,N/A,N/A,N/A,ONLINE,"YAMAGUCHI, Tomiko",,,,
SOC210,Sociology of Religion,宗教社会学,5/F,6/F,7/F,N/A,N/A,N/A,N/A,ONLINE,"SUZUKI, Muni",,,,
SOC211,Sociology of the Family,家族社会学,5/W,6/W,7/W,N/A,N/A,N/A,N/A,ONLINE,"KIM, Allen",,,,
SOC211,Sociology of the Family,家族社会学,5/W,6/W,7/W,N/A,N/A,N/A,N/A,ONLINE,"KUBOTA, Hiroyuki",,,,
SOC301,Political Sociology,政治社会学,5/M,6/M,7/M,N/A,N/A,N/A,N/A,N/A,"ISHIO, Yoshito",,,,
SOC302,Qualitative Analysis in Sociology I,質的社会学分析 I,5/M,6/M,7/M,N/A,N/A,N/A,N/A,MIXED MODE,"YAMAGUCHI, Tomiko",,,,
SOC302,Qualitative Analysis in Sociology I,質的社会学分析 I,5/TH,6/TH,7/TH,N/A,N/A,N/A,N/A,MIXED MODE,"BONDY, Christopher",,,,
SOC304,Quantitative Analysis in Sociology I,計量社会学分析 I,5/W,6/W,7/W,N/A,N/A,N/A,N/A,ONLINE,"NA, Ildeung",,,,
PHR107,Introduction to Religious Studies,宗教学概論,5/W,6/W,7/W,N/A,N/A,N/A,N/A,ONLINE,"DE SAINT CHAMAS, Loys",,,,
ANT311,Field Training in Anthropology I,人類学調査実習 I,5/W,6/W,N/A,N/A,N/A,N/A,N/A,FACE TO FACE,"KATO, Etsuko",,,,
LIT232,American Prose I,アメリカ散文 I,5/W,6/W,7/W,N/A,N/A,N/A,N/A,ONLINE,"AMANO, Yuri",,,,
SOC306,Sociological Theories,社会学学説研究,3/TU,2/TH,3/TH,N/A,N/A,N/A,N/A,ONLINE,"BONDY, Christopher",,,,
QAMT000,Master Thesis,修士論文,N/A,N/A,N/A,N/A,N/A,N/A,N/A,N/A,STAFF,,,,
QALL402,Field Research and Professional Learning,現場実習による専門学習,4/M,5/M,N/A,N/A,N/A,N/A,N/A,ONLINE,"MINEJIMA, Chika/JUNG, Joo-Young J.",,,,
QALL407,Academic English (S),アカデミック・イングリッシュ(S),(3/M,3/W,3/F),N/A,N/A,N/A,N/A,MIXED MODE (Enroll 10) Sign up at the Graduate School Office at ERB-115 by 15:30,"KERSHAW, Matthew F.",,,,
QALL410,Academic English for Research(S),研究のためのアカデミック・イングリッシュ(S),(3/M,3/W,3/F),N/A,N/A,N/A,N/A,MIXED MODE (Enroll 10) Sign up at the Graduate School Office at ERB-115 by 15:30,"FUKAO, Akiko",,,,
QALL411,Academic Writing (S),アカデミック・ライティング(S),(5/W,6/W,7/W),N/A,N/A,N/A,N/A,ONLINE (Enroll 10) Sign up at the Graduate School Office at ERB-115 by 15:30,"IWATA, Yuko",,,,
QEFD419,Research Methods in Education II,教育研究法 II,5/TH,6/TH,7/TH,N/A,N/A,N/A,N/A,MIXED MODE,"SASAO, Toshiaki",,,,
QEFD420,Research Methods in Education III,教育研究法 III,2/M,2/W,N/A,N/A,N/A,N/A,N/A,ONLINE,"JUNG, Insung",,,,
QEFD422,Developmental Neuroscience Seminar,発達神経科学セミナー,2/TH,3/TH,N/A,N/A,N/A,N/A,N/A,MIXED MODE,"NAOI, Nozomi",,,,
QEED502,Christianity and Educational Development (Seminar),キリスト教と教育発展（演習）,5/F,6/F,N/A,N/A,N/A,N/A,N/A,MIXED MODE,"OKAWA, Hiroshi",,,,
QEED515,Research on Education in Diverse Societies,多文化社会と教育研究,4/TU,4/TH,N/A,N/A,N/A,N/A,N/A,ONLINE,"LANGAGER, Mark W.",,,,
QEED523,Distance education and e-learning,遠隔教育と eラーニング,5/W,6/W,N/A,N/A,N/A,N/A,N/A,ONLINE,"JUNG, Insung",,,,
QEED528,Teaching Practicum in IB World School,IB認定校での教育実習,N/A,N/A,N/A,N/A,N/A,N/A,N/A,N/A,"HANDA, Atsuko/FUJII, Akiko",,,,
QEPS502,Directed Research Seminar in Psychology I,心理学特別研究 I,5/M,6/M,N/A,N/A,N/A,N/A,N/A,N/A,"NISHIMURA, Kaoru",,,,
QEPS515,Peace Psychology,平和心理学特論,5/W,6/W,N/A,N/A,N/A,N/A,N/A,N/A,STAFF,,,,
QEPS519,Qualitative Research Methods in Psychology,心理学の質的研究法,5/TH,6/TH,N/A,N/A,N/A,N/A,N/A,ONLINE,"NOCHI, Masahiro",,,,
QEPS601,Directed Research Seminar in Psychology III,心理学特別研究 III,1/M,1/W,N/A,N/A,N/A,N/A,N/A,N/A,"MORISHIMA, Yasunori/NAOI, Nozomi",,,,
QELE502,English Linguistics,英語学,3/M,3/W,3/F,N/A,N/A,N/A,N/A,MIXED MODE,"MIZUTA, Yoko",,,,
QELE508,Old English,古英語,*4/TU,*4/TH,N/A,N/A,N/A,N/A,N/A,MIXED MODE,"MORIYA, Yasuyo",,,,
QELE509,Phonetics and Phonology,音声学と音韻論,3/TU,2/TH,3/TH,N/A,N/A,N/A,N/A,ONLINE,"LEE, Seunghun",,,,
QEMR601,Research I,専門研究 I,2/SA,3/SA,N/A,N/A,N/A,N/A,N/A,N/A,STAFF,,,,
QEMR604,Research IV,専門研究 IV,4/SA,5/SA,N/A,N/A,N/A,N/A,N/A,N/A,STAFF,,,,
QPFD413,Modern Theory of Business,現代企業理論,4/W,5/W,N/A,N/A,N/A,N/A,N/A,ONLINE,"INABA, Yushi",,,,
QPFD421,Political and Social Survey Data Analysis,政治社会サーベイデータ分析,6/F,7/F,N/A,N/A,N/A,N/A,N/A,MIXED MODE,"ISHIO, Yoshito",,,,
QPFD437,Humanitarian Action I,人道アクション概論 I,4/W,5/W,N/A,N/A,N/A,N/A,N/A,ONLINE,"OBI, Naoko",,,,
QPPI503,Comparative Politics and Government,比較政治・行政論,4/TH,5/TH,N/A,N/A,N/A,N/A,N/A,ONLINE,"KAWANAKA, Takeshi",,,,
QPPI516,International Organization,国際機構論,4/F,5/F,N/A,N/A,N/A,N/A,N/A,ONLINE,"HASHIMOTO, Naoko",,,,
QPPI528,United Nations Seminar on Sustainable Development,国連研修：持続可能な開発,N/A,N/A,N/A,N/A,N/A,N/A,N/A,MIXED MODE SPRING RECESS,"MORITA, Hiroko",,,,
QPSC503,Politics and Culture,政治文化論,2/F,3/F,N/A,N/A,N/A,N/A,N/A,MIXED MODE,"MATSUNAGA, Yasuyuki",,,,
QPSC508,Social Problems and Policy,社会問題と政策,4/F,5/F,N/A,N/A,N/A,N/A,N/A,MIXED MODE,"YOKOYAMA, Shigeki",,,,
QPSC510,Qualitative Research Design,質的調査法,6/TU,7/TU,N/A,N/A,N/A,N/A,N/A,ONLINE,"ZULUETA, Johanna O.",,,,
QPML508,Theories of Translation,翻訳理論,4/W,5/W,N/A,N/A,N/A,N/A,N/A,ONLINE,"CURRAN, Beverley F. M.",,,,
QPPE504,International Corporate Finance I,国際企業財務 I,1/W,2/W,N/A,N/A,N/A,N/A,N/A,ONLINE,"KANEKO, Takuya",,,,
QPPS501,Global Issues,グローバル・イシュー,N/A,N/A,N/A,N/A,N/A,N/A,N/A,ONLINE Offered by UNU in coordination with ICU.,"SALTON, Herman",,,,
QPPS505,Human Rights I,人権論 I,6/F,7/F,N/A,N/A,N/A,N/A,N/A,ONLINE,"LARATTA, ROSARIO",,,,
QPMR601,Research I,専門研究 I,2/SA,3/SA,N/A,N/A,N/A,N/A,N/A,N/A,STAFF,,,,
QPMR604,Research IV,専門研究 IV,4/SA,5/SA,N/A,N/A,N/A,N/A,N/A,N/A,STAFF,,,,
QCFD421,Power,権力・政治・言語,6/TH,7/TH,N/A,N/A,N/A,N/A,N/A,N/A,"SIMONS, Christopher E. J.",,,,
QCJC503,Japanese Culture III,日本文化論 III,2/TH,3/TH,N/A,N/A,N/A,N/A,N/A,ONLINE,"GILLAN, Matthew A.",,,,
QCJC506,Japanese Language Culture II,日本言語文化論 II,4/M,5/M,N/A,N/A,N/A,N/A,N/A,ONLINE,"KOMORI, Yuri",,,,
QCJC511,Literature of the East II,東洋の文学 II,2/W,3/W,N/A,N/A,N/A,N/A,N/A,ONLINE,"KOTANI, Eisuke",,,,
QCJC513,Aspects of Modern Japanese History,日本史の諸問題 II : 近代,2/F,3/F,N/A,N/A,N/A,N/A,N/A,MIXED MODE,"ESKILDSEN, Robert",,,,
QCAC509,Comparative Culture on 'Care' and 'Justice',比較文化特論 I：〈ケア〉と〈正義〉の比較文化,5/TU,6/TU,N/A,N/A,N/A,N/A,N/A,ONLINE,"KAWAMOTO, Takashi",,,,
QCAC512,Gender and Visual Culture,比較文化特論 II： ジェンダーと映像文化,2/TH,3/TH,N/A,N/A,N/A,N/A,N/A,ONLINE,"AMMOUR-MAYEUR, Olivier",,,,
QCMR601,Research I,専門研究 I,2/SA,3/SA,N/A,N/A,N/A,N/A,N/A,N/A,STAFF,,,,
QCMR604,Research IV,専門研究 IV,4/SA,5/SA,N/A,N/A,N/A,N/A,N/A,N/A,STAFF,,,,
QCTS504,Transcultural Studies IV,超学域文化論 IV,2/TU,3/TU,N/A,N/A,N/A,N/A,N/A,N/A,"YAJIMA, Naoki",,,,
QCTS505,Music and Culture,音楽と文化,5/F,6/F,N/A,N/A,N/A,N/A,N/A,MIXED MODE,"SATO, Nozomi",,,,
QNFD403,Studies in Environmental Science,環境科学特別講義,5/W,6/W,N/A,N/A,N/A,N/A,N/A,N/A,"CHUN, Wang Jae/KOBAYASHI, Junji/KUBO, Kenya/FUJINUMA, Ryosuke/KOE, Julian R.",,,,
QNMC505,Advanced Studies in Mathematical Science I,数理科学特論 I,1/M,1/W,N/A,N/A,N/A,N/A,N/A,ONLINE,"MATSUMURA, Tomoo",,,,
QNMS505,Condensed Matter Physics,凝縮物性,1/M,2/M,N/A,N/A,N/A,N/A,N/A,MIXED MODE,"OKANO, Ken",,,,
QNMS507,Laser Physics,レーザー物理学,4/F,5/F,N/A,N/A,N/A,N/A,N/A,MIXED MODE,"OKAMURA, Hideki",,,,
QNMS513,Computational Physics,計算機物理学,5/W,6/W,N/A,N/A,N/A,N/A,N/A,N/A,"HITZER, Eckhard",,,,
QNMR601,Research I,専門研究 I,2/SA,3/SA,N/A,N/A,N/A,N/A,N/A,N/A,STAFF,,,,
QNMR604,Research IV,専門研究 IV,4/SA,5/SA,N/A,N/A,N/A,N/A,N/A,N/A,STAFF,,,,
QARG888,Research Guidance,研究指導,N/A,N/A,N/A,N/A,N/A,N/A,N/A,N/A,STAFF,,,,
QADT999,Doctor Thesis,博士論文,N/A,N/A,N/A,N/A,N/A,N/A,N/A,N/A,STAFF,,,,
QADR601,Advanced Research I,特別専門研究 I,6/SA,7/SA,N/A,N/A,N/A,N/A,N/A,N/A,STAFF,,,,
QADT601,Techniques for Researchers I - Academic Presentations,研究者のための技法 I - アカデミック・プレゼンテーション,8/TU,N/A,N/A,N/A,N/A,N/A,N/A,N/A,"GILLAN, Matthew A./MIZOGUCHI, Tsuyoshi/KANAZAWA, Yuichiro/JUNG, Insung/OKANO, Ken",,,,
,,,,,,,,,,,,,,,
,,,,,,,,,,,,,,,
,,,,,,,,,,,,,,,
,,,,,,,,,,,,,,,
,,,,,,,,,,,,,,,
,,,,,,,,,,,,,,,
,,,,,,,,,,,,,,,
,,,,,,,,,,,,,,,
,,,,,,,,,,,,,,,
,,,,,,,,,,,,,,,
,,,,,,,,,,,,,,,
,,,,,,,,,,,,,,,
,,,,,,,,,,,,,,,
,,,,,,,,,,,,,,,
,,,,,,,,,,,,,,,
,,,,,,,,,,,,,,,
,,,,,,,,,,,,,,,
,,,,,,,,,,,,,,,
,,,,,,,,,,,,,,,
,,,,,,,,,,,,,,,
,,,,,,,,,,,,,,,
,,,,,,,,,,,,,,,
,,,,,,,,,,,,,,,
,,,,,,,,,,,,,,,
,,,,,,,,,,,,,,,
,,,,,,,,,,,,,,,
,,,,,,,,,,,,,,,
,,,,,,,,,,,,,,,
,,,,,,,,,,,,,,,
,,,,,,,,,,,,,,,
,,,,,,,,,,,,,,,
,,,,,,,,,,,,,,,
,,,,,,,,,,,,,,,
,,,,,,,,,,,,,,,
,,,,,,,,,,,,,,,
,,,,,,,,,,,,,,,
,,,,,,,,,,,,,,,
,,,,,,,,,,,,,,,
,,,,,,,,,,,,,,,
,,,,,,,,,,,,,,,
,,,,,,,,,,,,,,,
,,,,,,,,,,,,,,,
,,,,,,,,,,,,,,,
,,,,,,,,,,,,,,,
,,,,,,,,,,,,,,,
,,,,,,,,,,,,,,,
,,,,,,,,,,,,,,,
,,,,,,,,,,,,,,,
,,,,,,,,,,,,,,,
,,,,,,,,,,,,,,,
,,,,,,,,,,,,,,,
,,,,,,,,,,,,,,,
,,,,,,,,,,,,,,,
,,,,,,,,,,,,,,,
,,,,,,,,,,,,,,,
,,,,,,,,,,,,,,,
,,,,,,,,,,,,,,,
,,,,,,,,,,,,,,,
,,,,,,,,,,,,,,,
,,,,,,,,,,,,,,,
,,,,,,,,,,,,,,,
,,,,,,,,,,,,,,,
,,,,,,,,,,,,,,,
,,,,,,,,,,,,,,,
,,,,,,,,,,,,,,,
,,,,,,,,,,,,,,,
,,,,,,,,,,,,,,,
,,,,,,,,,,,,,,,
,,,,,,,,,,,,,,,
,,,,,,,,,,,,,,,
,,,,,,,,,,,,,,,
,,,,,,,,,,,,,,,
,,,,,,,,,,,,,,,
,,,,,,,,,,,,,,,
,,,,,,,,,,,,,,,
,,,,,,,,,,,,,,,
,,,,,,,,,,,,,,,
,,,,,,,,,,,,,,,
,,,,,,,,,,,,,,,
,,,,,,,,,,,,,,,
,,,,,,,,,,,,,,,
,,,,,,,,,,,,,,,
,,,,,,,,,,,,,,,
,,,,,,,,,,,,,,,
,,,,,,,,,,,,,,,
,,,,,,,,,,,,,,,
,,,,,,,,,,,,,,,
,,,,,,,,,,,,,,,
,,,,,,,,,,,,,,,
,,,,,,,,,,,,,,,
,,,,,,,,,,,,,,,
,,,,,,,,,,,,,,,
,,,,,,,,,,,,,,,
,,,,,,,,,,,,,,,
,,,,,,,,,,,,,,,
,,,,,,,,,,,,,,,
,,,,,,,,,,,,,,,
,,,,,,,,,,,,,,,
,,,,,,,,,,,,,,,
,,,,,,,,,,,,,,,
,,,,,,,,,,,,,,,
,,,,,,,,,,,,,,,
,,,,,,,,,,,,,,,
,,,,,,,,,,,,,,,
,,,,,,,,,,,,,,,
,,,,,,,,,,,,,,,
,,,,,,,,,,,,,,,
,,,,,,,,,,,,,,,
,,,,,,,,,,,,,,,
,,,,,,,,,,,,,,,
,,,,,,,,,,,,,,,
,,,,,,,,,,,,,,,
,,,,,,,,,,,,,,,
,,,,,,,,,,,,,,,
,,,,,,,,,,,,,,,
,,,,,,,,,,,,,,,
,,,,,,,,,,,,,,,
,,,,,,,,,,,,,,,
,,,,,,,,,,,,,,,
,,,,,,,,,,,,,,,
,,,,,,,,,,,,,,,
,,,,,,,,,,,,,,,
,,,,,,,,,,,,,,,
,,,,,,,,,,,,,,,
,,,,,,,,,,,,,,,
,,,,,,,,,,,,,,,
,,,,,,,,,,,,,,,
,,,,,,,,,,,,,,,
,,,,,,,,,,,,,,,
,,,,,,,,,,,,,,,
,,,,,,,,,,,,,,,
,,,,,,,,,,,,,,,
,,,,,,,,,,,,,,,
,,,,,,,,,,,,,,,
,,,,,,,,,,,,,,,
,,,,,,,,,,,,,,,
,,,,,,,,,,,,,,,
,,,,,,,,,,,,,,,
,,,,,,,,,,,,,,,
,,,,,,,,,,,,,,,
,,,,,,,,,,,,,,,
,,,,,,,,,,,,,,,
,,,,,,,,,,,,,,,
,,,,,,,,,,,,,,,
,,,,,,,,,,,,,,,
,,,,,,,,,,,,,,,
,,,,,,,,,,,,,,,
,,,,,,,,,,,,,,,
,,,,,,,,,,,,,,,
,,,,,,,,,,,,,,,
,,,,,,,,,,,,,,,
,,,,,,,,,,,,,,,
,,,,,,,,,,,,,,,
,,,,,,,,,,,,,,,
,,,,,,,,,,,,,,,
,,,,,,,,,,,,,,,
,,,,,,,,,,,,,,,
,,,,,,,,,,,,,,,
,,,,,,,,,,,,,,,
,,,,,,,,,,,,,,,
,,,,,,,,,,,,,,,
,,,,,,,,,,,,,,,
,,,,,,,,,,,,,,,
,,,,,,,,,,,,,,,
,,,,,,,,,,,,,,,
,,,,,,,,,,,,,,,
,,,,,,,,,,,,,,,
,,,,,,,,,,,,,,,
,,,,,,,,,,,,,,,
,,,,,,,,,,,,,,,
,,,,,,,,,,,,,,,
,,,,,,,,,,,,,,,
,,,,,,,,,,,,,,,
,,,,,,,,,,,,,,,
,,,,,,,,,,,,,,,
,,,,,,,,,,,,,,,
,,,,,,,,,,,,,,,
,,,,,,,,,,,,,,,
,,,,,,,,,,,,,,,
,,,,,,,,,,,,,,,
,,,,,,,,,,,,,,,
,,,,,,,,,,,,,,,
,,,,,,,,,,,,,,,
,0,,,,,,,,,,,,,,
,0,,,,,,,,,,,,,,
,0,,,,,,,,,,,,,,
,0,,,,,,,,,,,,,,
,0,,,,,,,,,,,,,,
,0,,,,,,,,,,,,,,
,0,,,,,,,,,,,,,,
,0,,,,,,,,,,,,,,
,0,,,,,,,,,,,,,,
,0,,,,,,,,,,,,,,
,0,,,,,,,,,,,,,,
,0,,,,,,,,,,,,,,
,0,,,,,,,,,,,,,,
,0,,,,,,,,,,,,,,
,0,,,,,,,,,,,,,,
,0,,,,,,,,,,,,,,
,0,,,,,,,,,,,,,,
,0,,,,,,,,,,,,,,
,0,,,,,,,,,,,,,,
,0,,,,,,,,,,,,,,
,0,,,,,,,,,,,,,,
,0,,,,,,,,,,,,,,
,0,,,,,,,,,,,,,,
,0,,,,,,,,,,,,,,
,0,,,,,,,,,,,,,,
,0,,,,,,,,,,,,,,
,0,,,,,,,,,,,,,,
,0,,,,,,,,,,,,,,
,0,,,,,,,,,,,,,,
,0,,,,,,,,,,,,,,
,0,,,,,,,,,,,,,,
,0,,,,,,,,,,,,,,
,0,,,,,,,,,,,,,,
,0,,,,,,,,,,,,,,
,0,,,,,,,,,,,,,,
,0,,,,,,,,,,,,,,
,0,,,,,,,,,,,,,,
,0,,,,,,,,,,,,,,
,0,,,,,,,,,,,,,,
,0,,,,,,,,,,,,,,
,0,,,,,,,,,,,,,,
,0,,,,,,,,,,,,,,
,0,,,,,,,,,,,,,,
,0,,,,,,,,,,,,,,
,0,,,,,,,,,,,,,,
,0,,,,,,,,,,,,,,
,0,,,,,,,,,,,,,,
,0,,,,,,,,,,,,,,
,0,,,,,,,,,,,,,,
,0,,,,,,,,,,,,,,
,0,,,,,,,,,,,,,,
,0,,,,,,,,,,,,,,
,0,,,,,,,,,,,,,,
,0,,,,,,,,,,,,,,
,0,,,,,,,,,,,,,,
,0,,,,,,,,,,,,,,
,0,,,,,,,,,,,,,,
,,,,,,,,,,,,,,,
,,,,,,,,,,,,,,,
,,,,,,,,,,,,,,,
,,,,,,,,,,,,,,,
,,,,,,,,,,,,,,,
,,,,,,,,,,,,,,,
,,,,,,,,,,,,,,,
,,,,,,,,,,,,,,,
,,,,,,,,,,,,,,,
,,,,,,,,,,,,,,,
,,,,,,,,,,,,,,,
,,,,,,,,,,,,,,,
,,,,,,,,,,,,,,,
,,,,,,,,,,,,,,,
,,,,,,,,,,,,,,,
,,,,,,,,,,,,,,,
,,,,,,,,,,,,,,,
,,,,,,,,,,,,,,,
,,,,,,,,,,,,,,,
,,,,,,,,,,,,,,,
,,,,,,,,,,,,,,,
,,,,,,,,,,,,,,,
,,,,,,,,,,,,,,,
,,,,,,,,,,,,,,,
,,,,,,,,,,,,,,,
,,,,,,,,,,,,,,,
,,,,,,,,,,,,,,,
,,,,,,,,,,,,,,,
,,,,,,,,,,,,,,,
,,,,,,,,,,,,,,,
,,,,,,,,,,,,,,,
,,,,,,,,,,,,,,,
,,,,,,,,,,,,,,,
,,,,,,,,,,,,,,,
,,,,,,,,,,,,,,,
,,,,,,,,,,,,,,,
,,,,,,,,,,,,,,,
,,,,,,,,,,,,,,,
,,,,,,,,,,,,,,,
,,,,,,,,,,,,,,,
,,,,,,,,,,,,,,,
,,,,,,,,,,,,,,,
,,,,,,,,,,,,,,,
,,,,,,,,,,,,,,,
,,,,,,,,,,,,,,,
,,,,,,,,,,,,,,,
,,,,,,,,,,,,,,,
,,,,,,,,,,,,,,,
,,,,,,,,,,,,,,,
,,,,,,,,,,,,,,,
,,,,,,,,,,,,,,,
,,,,,,,,,,,,,,,
,,,,,,,,,,,,,,,
,,,,,,,,,,,,,,,
,,,,,,,,,,,,,,,
,,,,,,,,,,,,,,,
,,,,,,,,,,,,,,,
,,,,,,,,,,,,,,,
,,,,,,,,,,,,,,,
,,,,,,,,,,,,,,,
,,,,,,,,,,,,,,,
,,,,,,,,,,,,,,,
,,,,,,,,,,,,,,,
,,,,,,,,,,,,,,,
,,,,,,,,,,,,,,,
,,,,,,,,,,,,,,,
,,,,,,,,,,,,,,,
,,,,,,,,,,,,,,,
,,,,,,,,,,,,,,,
,,,,,,,,,,,,,,,
,,,,,,,,,,,,,,,
,,,,,,,,,,,,,,,
,,,,,,,,,,,,,,,
,,,,,,,,,,,,,,,
,,,,,,,,,,,,,,,
,,,,,,,,,,,,,,,
,,,,,,,,,,,,,,,
,,,,,,,,,,,,,,,
,,,,,,,,,,,,,,,
,,,,,,,,,,,,,,,
,,,,,,,,,,,,,,,
,,,,,,,,,,,,,,,
,,,,,,,,,,,,,,,
,,,,,,,,,,,,,,,
,,,,,,,,,,,,,,,
,,,,,,,,,,,,,,,
,,,,,,,,,,,,,,,
,,,,,,,,,,,,,,,
,,,,,,,,,,,,,,,
,,,,,,,,,,,,,,,
,,,,,,,,,,,,,,,
,,,,,,,,,,,,,,,
,,,,,,,,,,,,,,,
,,,,,,,,,,,,,,,
,,,,,,,,,,,,,,,
,,,,,,,,,,,,,,,
,,,,,,,,,,,,,,,
,,,,,,,,,,,,,,,
,,,,,,,,,,,,,,,
,,,,,,,,,,,,,,,
,,,,,,,,,,,,,,,
,,,,,,,,,,,,,,,
,,,,,,,,,,,,,,,
,,,,,,,,,,,,,,,
,,,,,,,,,,,,,,,
,,,,,,,,,,,,,,,
,,,,,,,,,,,,,,,
,,,,,,,,,,,,,,,
,,,,,,,,,,,,,,,
,,,,,,,,,,,,,,,
,,,,,,,,,,,,,,,
,,,,,,,,,,,,,,,
,,,,,,,,,,,,,,,
,,,,,,,,,,,,,,,
,,,,,,,,,,,,,,,
,,,,,,,,,,,,,,,
,,,,,,,,,,,,,,,
,,,,,,,,,,,,,,,
,,,,,,,,,,,,,,,
,,,,,,,,,,,,,,,
,,,,,,,,,,,,,,,
,,,,,,,,,,,,,,,
,,,,,,,,,,,,,,,
,,,,,,,,,,,,,,,
,,,,,,,,,,,,,,,
,,,,,,,,,,,,,,,
,,,,,,,,,,,,,,,
,,,,,,,,,,,,,,,
,,,,,,,,,,,,,,,
,,,,,,,,,,,,,,,
,,,,,,,,,,,,,,,
,,,,,,,,,,,,,,,
,,,,,,,,,,,,,,,
,,,,,,,,,,,,,,,
,,,,,,,,,,,,,,,
,,,,,,,,,,,,,,,
,,,,,,,,,,,,,,,
,,,,,,,,,,,,,,,
,,,,,,,,,,,,,,,
,,,,,,,,,,,,,,,
,,,,,,,,,,,,,,,
,,,,,,,,,,,,,,,
,,,,,,,,,,,,,,,
,,,,,,,,,,,,,,,
,,,,,,,,,,,,,,,
,,,,,,,,,,,,,,,
,,,,,,,,,,,,,,,
,,,,,,,,,,,,,,,
,,,,,,,,,,,,,,,
,,,,,,,,,,,,,,,
,,,,,,,,,,,,,,,
,,,,,,,,,,,,,,,
,,,,,,,,,,,,,,,
,,,,,,,,,,,,,,,
,,,,,,,,,,,,,,,
,,,,,,,,,,,,,,,
,,,,,,,,,,,,,,,
,,,,,,,,,,,,,,,
,,,,,,,,,,,,,,,
,,,,,,,,,,,,,,,
,,,,,,,,,,,,,,,
,,,,,,,,,,,,,,,
,,,,,,,,,,,,,,,
,,,,,,,,,,,,,,,
,,,,,,,,,,,,,,,
,,,,,,,,,,,,,,,
,,,,,,,,,,,,,,,
,,,,,,,,,,,,,,,
,,,,,,,,,,,,,,,
,,,,,,,,,,,,,,,
,,,,,,,,,,,,,,,
,,,,,,,,,,,,,,,
,,,,,,,,,,,,,,,
,,,,,,,,,,,,,,,
,,,,,,,,,,,,,,,
,,,,,,,,,,,,,,,
,,,,,,,,,,,,,,,
,,,,,,,,,,,,,,,
,,,,,,,,,,,,,,,
,,,,,,,,,,,,,,,
,,,,,,,,,,,,,,,
,,,,,,,,,,,,,,,
,,,,,,,,,,,,,,,
,,,,,,,,,,,,,,,
,,,,,,,,,,,,,,,
,,,,,,,,,,,,,,,
,,,,,,,,,,,,,,,
,,,,,,,,,,,,,,,
,,,,,,,,,,,,,,,
,,,,,,,,,,,,,,,
,,,,,,,,,,,,,,,
,,,,,,,,,,,,,,,
,,,,,,,,,,,,,,,
,,,,,,,,,,,,,,,
,,,,,,,,,,,,,,,
,,,,,,,,,,,,,,,
,,,,,,,,,,,,,,,
,,,,,,,,,,,,,,,
,,,,,,,,,,,,,,,
,,,,,,,,,,,,,,,
,,,,,,,,,,,,,,,
,,,,,,,,,,,,,,,
,,,,,,,,,,,,,,,
,,,,,,,,,,,,,,,
,,,,,,,,,,,,,,,
,,,,,,,,,,,,,,,
,,,,,,,,,,,,,,,
,,,,,,,,,,,,,,,
,,,,,,,,,,,,,,,
,,,,,,,,,,,,,,,
,,,,,,,,,,,,,,,
,,,,,,,,,,,,,,,
,,,,,,,,,,,,,,,
,,,,,,,,,,,,,,,
,,,,,,,,,,,,,,,
,,,,,,,,,,,,,,,
,,,,,,,,,,,,,,,
,,,,,,,,,,,,,,,
,,,,,,,,,,,,,,,
,,,,,,,,,,,,,,,
,,,,,,,,,,,,,,,
,,,,,,,,,,,,,,,
,,,,,,,,,,,,,,,
,,,,,,,,,,,,,,,
,,,,,,,,,,,,,,,
,,,,,,,,,,,,,,,
,,,,,,,,,,,,,,,
,,,,,,,,,,,,,,,
,,,,,,,,,,,,,,,
,,,,,,,,,,,,,,,
,,,,,,,,,,,,,,,
,,,,,,,,,,,,,,,
,,,,,,,,,,,,,,,
,,,,,,,,,,,,,,,
,,,,,,,,,,,,,,,
,,,,,,,,,,,,,,,
,,,,,,,,,,,,,,,
,,,,,,,,,,,,,,,
,,,,,,,,,,,,,,,
,,,,,,,,,,,,,,,
,,,,,,,,,,,,,,,
,,,,,,,,,,,,,,,
,,,,,,,,,,,,,,,
,,,,,,,,,,,,,,,
,,,,,,,,,,,,,,,
,,,,,,,,,,,,,,,
,,,,,,,,,,,,,,,
,,,,,,,,,,,,,,,
,,,,,,,,,,,,,,,
,,,,,,,,,,,,,,,
,,,,,,,,,,,,,,,
,,,,,,,,,,,,,,,
,,,,,,,,,,,,,,,
,,,,,,,,,,,,,,,
,,,,,,,,,,,,,,,
,,,,,,,,,,,,,,,
,,,,,,,,,,,,,,,
,,,,,,,,,,,,,,,
,,,,,,,,,,,,,,,
,,,,,,,,,,,,,,,
,,,,,,,,,,,,,,,
,,,,,,,,,,,,,,,
,,,,,,,,,,,,,,,
,,,,,,,,,,,,,,,
,,,,,,,,,,,,,,,
,,,,,,,,,,,,,,,
,,,,,,,,,,,,,,,
,,,,,,,,,,,,,,,
,,,,,,,,,,,,,,,
,,,,,,,,,,,,,,,
,,,,,,,,,,,,,,,
,,,,,,,,,,,,,,,
,,,,,,,,,,,,,,,
,,,,,,,,,,,,,,,
,,,,,,,,,,,,,,,
,,,,,,,,,,,,,,,
,,,,,,,,,,,,,,,
,,,,,,,,,,,,,,,
,,,,,,,,,,,,,,,
,,,,,,,,,,,,,,,
,,,,,,,,,,,,,,,
,,,,,,,,,,,,,,,
,,,,,,,,,,,,,,,
,,,,,,,,,,,,,,,
,,,,,,,,,,,,,,,
,,,,,,,,,,,,,,,
,,,,,,,,,,,,,,,
,,,,,,,,,,,,,,,
,,,,,,,,,,,,,,,
,,,,,,,,,,,,,,,
,,,,,,,,,,,,,,,
,,,,,,,,,,,,,,,
,,,,,,,,,,,,,,,
,,,,,,,,,,,,,,,
,,,,,,,,,,,,,,,
,,,,,,,,,,,,,,,
,,,,,,,,,,,,,,,
,,,,,,,,,,,,,,,
,,,,,,,,,,,,,,,
,,,,,,,,,,,,,,,
,,,,,,,,,,,,,,,
,,,,,,,,,,,,,,,
,,,,,,,,,,,,,,,
,,,,,,,,,,,,,,,
,,,,,,,,,,,,,,,
,,,,,,,,,,,,,,,
,,,,,,,,,,,,,,,
,,,,,,,,,,,,,,,
,,,,,,,,,,,,,,,
,,,,,,,,,,,,,,,
,,,,,,,,,,,,,,,
,,,,,,,,,,,,,,,
,,,,,,,,,,,,,,,
,,,,,,,,,,,,,,,
,,,,,,,,,,,,,,,
,,,,,,,,,,,,,,,
,,,,,,,,,,,,,,,
,,,,,,,,,,,,,,,
,,,,,,,,,,,,,,,
,,,,,,,,,,,,,,,
,,,,,,,,,,,,,,,
,,,,,,,,,,,,,,,
,,,,,,,,,,,,,,,
,,,,,,,,,,,,,,,
,,,,,,,,,,,,,,,
,,,,,,,,,,,,,,,
,,,,,,,,,,,,,,,
,,,,,,,,,,,,,,,
,,,,,,,,,,,,,,,
,,,,,,,,,,,,,,,
,,,,,,,,,,,,,,,
,,,,,,,,,,,,,,,
,,,,,,,,,,,,,,,
,,,,,,,,,,,,,,,
,,,,,,,,,,,,,,,
,,,,,,,,,,,,,,,
,,,,,,,,,,,,,,,
,,,,,,,,,,,,,,,
,,,,,,,,,,,,,,,
,,,,,,,,,,,,,,,
,,,,,,,,,,,,,,,
,,,,,,,,,,,,,,,
,,,,,,,,,,,,,,,
,,,,,,,,,,,,,,,
,,,,,,,,,,,,,,,
,,,,,,,,,,,,,,,
,,,,,,,,,,,,,,,
,,,,,,,,,,,,,,,
,,,,,,,,,,,,,,,
,,,,,,,,,,,,,,,
,,,,,,,,,,,,,,,
,,,,,,,,,,,,,,,
,,,,,,,,,,,,,,,
,,,,,,,,,,,,,,,
,,,,,,,,,,,,,,,
,,,,,,,,,,,,,,,
,,,,,,,,,,,,,,,
,,,,,,,,,,,,,,,
,,,,,,,,,,,,,,,
,,,,,,,,,,,,,,,
,,,,,,,,,,,,,,,
,,,,,,,,,,,,,,,
,,,,,,,,,,,,,,,
,,,,,,,,,,,,,,,
,,,,,,,,,,,,,,,
,,,,,,,,,,,,,,,
,,,,,,,,,,,,,,,
,,,,,,,,,,,,,,,
,,,,,,,,,,,,,,,
,,,,,,,,,,,,,,,
,,,,,,,,,,,,,,,
,,,,,,,,,,,,,,,
,,,,,,,,,,,,,,,
,,,,,,,,,,,,,,,
,,,,,,,,,,,,,,,
,,,,,,,,,,,,,,,
,,,,,,,,,,,,,,,
,,,,,,,,,,,,,,,
,,,,,,,,,,,,,,,
,,,,,,,,,,,,,,,
,,,,,,,,,,,,,,,
,,,,,,,,,,,,,,,
,,,,,,,,,,,,,,,
,,,,,,,,,,,,,,,
,,,,,,,,,,,,,,,
,,,,,,,,,,,,,,,
,,,,,,,,,,,,,,,
,,,,,,,,,,,,,,,
,,,,,,,,,,,,,,,
,,,,,,,,,,,,,,,
,,,,,,,,,,,,,,,
,,,,,,,,,,,,,,,
,,,,,,,,,,,,,,,
,,,,,,,,,,,,,,,
,,,,,,,,,,,,,,,
,,,,,,,,,,,,,,,
,,,,,,,,,,,,,,,
,,,,,,,,,,,,,,,
,,,,,,,,,,,,,,,
,,,,,,,,,,,,,,,
,,,,,,,,,,,,,,,
,,,,,,,,,,,,,,,
,,,,,,,,,,,,,,,
,,,,,,,,,,,,,,,
,,,,,,,,,,,,,,,
,,,,,,,,,,,,,,,
,,,,,,,,,,,,,,,
,,,,,,,,,,,,,,,
,,,,,,,,,,,,,,,
,,,,,,,,,,,,,,,
,,,,,,,,,,,,,,,
,,,,,,,,,,,,,,,
,,,,,,,,,,,,,,,
,,,,,,,,,,,,,,,
,,,,,,,,,,,,,,,
,,,,,,,,,,,,,,,
,,,,,,,,,,,,,,,
,,,,,,,,,,,,,,,
,,,,,,,,,,,,,,,
,,,,,,,,,,,,,,,
,,,,,,,,,,,,,,,
,,,,,,,,,,,,,,,
,,,,,,,,,,,,,,,
,,,,,,,,,,,,,,,
,,,,,,,,,,,,,,,
,,,,,,,,,,,,,,,
,,,,,,,,,,,,,,,
,,,,,,,,,,,,,,,
,,,,,,,,,,,,,,,
,,,,,,,,,,,,,,,
,,,,,,,,,,,,,,,
,,,,,,,,,,,,,,,
,,,,,,,,,,,,,,,
,,,,,,,,,,,,,,,
,,,,,,,,,,,,,,,
,,,,,,,,,,,,,,,
,,,,,,,,,,,,,,,
,,,,,,,,,,,,,,,
,,,,,,,,,,,,,,,
,,,,,,,,,,,,,,,
,,,,,,,,,,,,,,,
,,,,,,,,,,,,,,,
,,,,,,,,,,,,,,,
,,,,,,,,,,,,,,,
,,,,,,,,,,,,,,,
,,,,,,,,,,,,,,,
,,,,,,,,,,,,,,,
,,,,,,,,,,,,,,,
,,,,,,,,,,,,,,,
,,,,,,,,,,,,,,,
,,,,,,,,,,,,,,,
,,,,,,,,,,,,,,,
,,,,,,,,,,,,,,,
,,,,,,,,,,,,,,,
,,,,,,,,,,,,,,,
,,,,,,,,,,,,,,,
,,,,,,,,,,,,,,,
,,,,,,,,,,,,,,,
,,,,,,,,,,,,,,,
,,,,,,,,,,,,,,,
,,,,,,,,,,,,,,,
,,,,,,,,,,,,,,,
,,,,,,,,,,,,,,,
,,,,,,,,,,,,,,,
,,,,,,,,,,,,,,,
,,,,,,,,,,,,,,,
,,,,,,,,,,,,,,,
,,,,,,,,,,,,,,,
,,,,,,,,,,,,,,,
,,,,,,,,,,,,,,,
,,,,,,,,,,,,,,,
,,,,,,,,,,,,,,,
,,,,,,,,,,,,,,,
,,,,,,,,,,,,,,,
,,,,,,,,,,,,,,,
,,,,,,,,,,,,,,,
,,,,,,,,,,,,,,,
,,,,,,,,,,,,,,,
,,,,,,,,,,,,,,,
,,,,,,,,,,,,,,,
,,,,,,,,,,,,,,,
,,,,,,,,,,,,,,,
,,,,,,,,,,,,,,,
,,,,,,,,,,,,,,,
,,,,,,,,,,,,,,,
,,,,,,,,,,,,,,,
,,,,,,,,,,,,,,,
,,,,,,,,,,,,,,,
,,,,,,,,,,,,,,,
,,,,,,,,,,,,,,,
,,,,,,,,,,,,,,,
,,,,,,,,,,,,,,,
,,,,,,,,,,,,,,,
,,,,,,,,,,,,,,,
,,,,,,,,,,,,,,,
,,,,,,,,,,,,,,,
,,,,,,,,,,,,,,,
,,,,,,,,,,,,,,,
,,,,,,,,,,,,,,,
,,,,,,,,,,,,,,,
,,,,,,,,,,,,,,,
,,,,,,,,,,,,,,,
,,,,,,,,,,,,,,,
,,,,,,,,,,,,,,,
,,,,,,,,,,,,,,,
,,,,,,,,,,,,,,,
,,,,,,,,,,,,,,,
,,,,,,,,,,,,,,,
,,,,,,,,,,,,,,,
,,,,,,,,,,,,,,,
,,,,,,,,,,,,,,,
,,,,,,,,,,,,,,,
,,,,,,,,,,,,,,,
,,,,,,,,,,,,,,,
,,,,,,,,,,,,,,,
,,,,,,,,,,,,,,,
,,,,,,,,,,,,,,,
,,,,,,,,,,,,,,,
,,,,,,,,,,,,,,,
,,,,,,,,,,,,,,,
,,,,,,,,,,,,,,,
,,,,,,,,,,,,,,,
,,,,,,,,,,,,,,,
,,,,,,,,,,,,,,,
,,,,,,,,,,,,,,,
,,,,,,,,,,,,,,,
,,,,,,,,,,,,,,,
,,,,,,,,,,,,,,,
,,,,,,,,,,,,,,,
,,,,,,,,,,,,,,,
,,,,,,,,,,,,,,,
,,,,,,,,,,,,,,,
,,,,,,,,,,,,,,,
,,,,,,,,,,,,,,,
,,,,,,,,,,,,,,,
,,,,,,,,,,,,,,,
,,,,,,,,,,,,,,,
,,,,,,,,,,,,,,,
,,,,,,,,,,,,,,,
,,,,,,,,,,,,,,,
,,,,,,,,,,,,,,,
,,,,,,,,,,,,,,,
,,,,,,,,,,,,,,,
,,,,,,,,,,,,,,,
,,,,,,,,,,,,,,,
,,,,,,,,,,,,,,,
,,,,,,,,,,,,,,,
,,,,,,,,,,,,,,,
,,,,,,,,,,,,,,,
,,,,,,,,,,,,,,,
,,,,,,,,,,,,,,,
,,,,,,,,,,,,,,,
,,,,,,,,,,,,,,,
,,,,,,,,,,,,,,,
,,,,,,,,,,,,,,,
,,,,,,,,,,,,,,,
,,,,,,,,,,,,,,,
,,,,,,,,,,,,,,,
,,,,,,,,,,,,,,,
,,,,,,,,,,,,,,,
,,,,,,,,,,,,,,,
,,,,,,,,,,,,,,,
,,,,,,,,,,,,,,,
,,,,,,,,,,,,,,,
,,,,,,,,,,,,,,,
,,,,,,,,,,,,,,,
,,,,,,,,,,,,,,,
,,,,,,,,,,,,,,,
,,,,,,,,,,,,,,,
,,,,,,,,,,,,,,,
,,,,,,,,,,,,,,,
,,,,,,,,,,,,,,,
,,,,,,,,,,,,,,,
,,,,,,,,,,,,,,,
,,,,,,,,,,,,,,,
,,,,,,,,,,,,,,,
,,,,,,,,,,,,,,,
,,,,,,,,,,,,,,,
,,,,,,,,,,,,,,,
,,,,,,,,,,,,,,,
,,,,,,,,,,,,,,,
,,,,,,,,,,,,,,,
,,,,,,,,,,,,,,,
,,,,,,,,,,,,,,,
,,,,,,,,,,,,,,,
,,,,,,,,,,,,,,,
,,,,,,,,,,,,,,,
,,,,,,,,,,,,,,,
,,,,,,,,,,,,,,,
,,,,,,,,,,,,,,,
,,,,,,,,,,,,,,,
,,,,,,,,,,,,,,,
,,,,,,,,,,,,,,,
,,,,,,,,,,,,,,,
,,,,,,,,,,,,,,,
,,,,,,,,,,,,,,,
,,,,,,,,,,,,,,,
,,,,,,,,,,,,,,,
,,,,,,,,,,,,,,,
,,,,,,,,,,,,,,,
,,,,,,,,,,,,,,,
,,,,,,,,,,,,,,,
,,,,,,,,,,,,,,,
,,,,,,,,,,,,,,,
,,,,,,,,,,,,,,,
,,,,,,,,,,,,,,,
,,,,,,,,,,,,,,,
,,,,,,,,,,,,,,,
,,,,,,,,,,,,,,,
,,,,,,,,,,,,,,,
,,,,,,,,,,,,,,,
,,,,,,,,,,,,,,,
,,,,,,,,,,,,,,,
,,,,,,,,,,,,,,,
,,,,,,,,,,,,,,,
,,,,,,,,,,,,,,,
,,,,,,,,,,,,,,,
,,,,,,,,,,,,,,,
,,,,,,,,,,,,,,,
,,,,,,,,,,,,,,,
,,,,,,,,,,,,,,,
,,,,,,,,,,,,,,,
,,,,,,,,,,,,,,,
,,,,,,,,,,,,,,,
,,,,,,,,,,,,,,,
,,,,,,,,,,,,,,,
,,,,,,,,,,,,,,,
,,,,,,,,,,,,,,,
,,,,,,,,,,,,,,,
,,,,,,,,,,,,,,,
,,,,,,,,,,,,,,,
,,,,,,,,,,,,,,,
,,,,,,,,,,,,,,,
,,,,,,,,,,,,,,,
,,,,,,,,,,,,,,,
,,,,,,,,,,,,,,,
,,,,,,,,,,,,,,,
,,,,,,,,,,,,,,,
,,,,,,,,,,,,,,,
,,,,,,,,,,,,,,,
,,,,,,,,,,,,,,,
,,,,,,,,,,,,,,,
,,,,,,,,,,,,,,,
,,,,,,,,,,,,,,,
,,,,,,,,,,,,,,,
,,,,,,,,,,,,,,,
,,,,,,,,,,,,,,,
,,,,,,,,,,,,,,,
,,,,,,,,,,,,,,,
,,,,,,,,,,,,,,,
,,,,,,,,,,,,,,,
,,,,,,,,,,,,,,,
,,,,,,,,,,,,,,,
,,,,,,,,,,,,,,,
,,,,,,,,,,,,,,,
,,,,,,,,,,,,,,,
,,,,,,,,,,,,,,,
,,,,,,,,,,,,,,,
,,,,,,,,,,,,,,,
,,,,,,,,,,,,,,,
,,,,,,,,,,,,,,,
,,,,,,,,,,,,,,,
,,,,,,,,,,,,,,,
,,,,,,,,,,,,,,,
,,,,,,,,,,,,,,,
,,,,,,,,,,,,,,,
,,,,,,,,,,,,,,,
,,,,,,,,,,,,,,,
,,,,,,,,,,,,,,,
,,,,,,,,,,,,,,,
,,,,,,,,,,,,,,,
,,,,,,,,,,,,,,,
,,,,,,,,,,,,,,,
,,,,,,,,,,,,,,,
,,,,,,,,,,,,,,,
,,,,,,,,,,,,,,,
,,,,,,,,,,,,,,,
,,,,,,,,,,,,,,,
,,,,,,,,,,,,,,,
,,,,,,,,,,,,,,,
,,,,,,,,,,,,,,,
,,,,,,,,,,,,,,,
,,,,,,,,,,,,,,,
,,,,,,,,,,,,,,,
,,,,,,,,,,,,,,,
,,,,,,,,,,,,,,,
,,,,,,,,,,,,,,,
,,,,,,,,,,,,,,,
,,,,,,,,,,,,,,,
,,,,,,,,,,,,,,,
,,,,,,,,,,,,,,,
,,,,,,,,,,,,,,,
,,,,,,,,,,,,,,,
,,,,,,,,,,,,,,,
,,,,,,,,,,,,,,,
,,,,,,,,,,,,,,,
,,,,,,,,,,,,,,,
,,,,,,,,,,,,,,,
,,,,,,,,,,,,,,,
,,,,,,,,,,,,,,,
,,,,,,,,,,,,,,,
,,,,,,,,,,,,,,,
,,,,,,,,,,,,,,,
,,,,,,,,,,,,,,,
,,,,,,,,,,,,,,,
,,,,,,,,,,,,,,,
,,,,,,,,,,,,,,,
,,,,,,,,,,,,,,,
,,,,,,,,,,,,,,,
,,,,,,,,,,,,,,,
,,,,,,,,,,,,,,,
,,,,,,,,,,,,,,,
,,,,,,,,,,,,,,,
,,,,,,,,,,,,,,,
,,,,,,,,,,,,,,,
,,,,,,,,,,,,,,,
,,,,,,,,,,,,,,,
,,,,,,,,,,,,,,,
,,,,,,,,,,,,,,,
,,,,,,,,,,,,,,,
,,,,,,,,,,,,,,,
,,,,,,,,,,,,,,,
,,,,,,,,,,,,,,,
,,,,,,,,,,,,,,,
,,,,,,,,,,,,,,,
,,,,,,,,,,,,,,,
,,,,,,,,,,,,,,,
,,,,,,,,,,,,,,,
,,,,,,,,,,,,,,,
,,,,,,,,,,,,,,,
,,,,,,,,,,,,,,,
,,,,,,,,,,,,,,,
,,,,,,,,,,,,,,,
,,,,,,,,,,,,,,,
,,,,,,,,,,,,,,,
,,,,,,,,,,,,,,,
,,,,,,,,,,,,,,,
,,,,,,,,,,,,,,,
,,,,,,,,,,,,,,,
,,,,,,,,,,,,,,,
,,,,,,,,,,,,,,,
,,,,,,,,,,,,,,,
,,,,,,,,,,,,,,,
,,,,,,,,,,,,,,,
,,,,,,,,,,,,,,,
,,,,,,,,,,,,,,,
,,,,,,,,,,,,,,,
,,,,,,,,,,,,,,,
,,,,,,,,,,,,,,,
,,,,,,,,,,,,,,,
,,,,,,,,,,,,,,,
,,,,,,,,,,,,,,,
,,,,,,,,,,,,,,,
,,,,,,,,,,,,,,,
,,,,,,,,,,,,,,,
,,,,,,,,,,,,,,,
,,,,,,,,,,,,,,,
,,,,,,,,,,,,,,,
,,,,,,,,,,,,,,,
,,,,,,,,,,,,,,,
,,,,,,,,,,,,,,,
,,,,,,,,,,,,,,,
,,,,,,,,,,,,,,,
,,,,,,,,,,,,,,,
,,,,,,,,,,,,,,,
,,,,,,,,,,,,,,,
,,,,,,,,,,,,,,,
,,,,,,,,,,,,,,,
,,,,,,,,,,,,,,,
,,,,,,,,,,,,,,,
,,,,,,,,,,,,,,,
,,,,,,,,,,,,,,,
,,,,,,,,,,,,,,,
,,,,,,,,,,,,,,,
,,,,,,,,,,,,,,,
,,,,,,,,,,,,,,,
,,,,,,,,,,,,,,,
,,,,,,,,,,,,,,,
,,,,,,,,,,,,,,,
,,,,,,,,,,,,,,,
,,,,,,,,,,,,,,,
,,,,,,,,,,,,,,,
,,,,,,,,,,,,,,,
,,,,,,,,,,,,,,,
,,,,,,,,,,,,,,,
,,,,,,,,,,,,,,,
,,,,,,,,,,,,,,,
,,,,,,,,,,,,,,,
,,,,,,,,,,,,,,,
,,,,,,,,,,,,,,,
,,,,,,,,,,,,,,,
,,,,,,,,,,,,,,,
,,,,,,,,,,,,,,,
,,,,,,,,,,,,,,,
,,,,,,,,,,,,,,,
,,,,,,,,,,,,,,,
,,,,,,,,,,,,,,,
,,,,,,,,,,,,,,,
,,,,,,,,,,,,,,,
,,,,,,,,,,,,,,,
,,,,,,,,,,,,,,,
,,,,,,,,,,,,,,,
,,,,,,,,,,,,,,,
,,,,,,,,,,,,,,,
,,,,,,,,,,,,,,,
,,,,,,,,,,,,,,,
,,,,,,,,,,,,,,,
,,,,,,,,,,,,,,,
,,,,,,,,,,,,,,,
,,,,,,,,,,,,,,,
,,,,,,,,,,,,,,,
,,,,,,,,,,,,,,,
,,,,,,,,,,,,,,,
,,,,,,,,,,,,,,,
,,,,,,,,,,,,,,,
,,,,,,,,,,,,,,,
,,,,,,,,,,,,,,,
,,,,,,,,,,,,,,,
,,,,,,,,,,,,,,,
,,,,,,,,,,,,,,,
,,,,,,,,,,,,,,,
,,,,,,,,,,,,,,,
,,,,,,,,,,,,,,,
,,,,,,,,,,,,,,,
,,,,,,,,,,,,,,,
,,,,,,,,,,,,,,,
,,,,,,,,,,,,,,,
,,,,,,,,,,,,,,,
,,,,,,,,,,,,,,,
,,,,,,,,,,,,,,,
,,,,,,,,,,,,,,,
,,,,,,,,,,,,,,,
,,,,,,,,,,,,,,,
,,,,,,,,,,,,,,,
,,,,,,,,,,,,,,,
,,,,,,,,,,,,,,,
,,,,,,,,,,,,,,,
,,,,,,,,,,,,,,,
,,,,,,,,,,,,,,,
,,,,,,,,,,,,,,,
,,,,,,,,,,,,,,,
,,,,,,,,,,,,,,,
,,,,,,,,,,,,,,,
,,,,,,,,,,,,,,,
,,,,,,,,,,,,,,,
,,,,,,,,,,,,,,,
,,,,,,,,,,,,,,,
,,,,,,,,,,,,,,,
,,,,,,,,,,,,,,,
,,,,,,,,,,,,,,,
,,,,,,,,,,,,,,,
,,,,,,,,,,,,,,,
,,,,,,,,,,,,,,,
,,,,,,,,,,,,,,,
,,,,,,,,,,,,,,,
,,,,,,,,,,,,,,,
,,,,,,,,,,,,,,,
,,,,,,,,,,,,,,,
,,,,,,,,,,,,,,,
,,,,,,,,,,,,,,,
,,,,,,,,,,,,,,,
,,,,,,,,,,,,,,,
,,,,,,,,,,,,,,,
,,,,,,,,,,,,,,,
,,,,,,,,,,,,,,,
,,,,,,,,,,,,,,,
,,,,,,,,,,,,,,,
,,,,,,,,,,,,,,,
,,,,,,,,,,,,,,,
,,,,,,,,,,,,,,,
,,,,,,,,,,,,,,,
,,,,,,,,,,,,,,,
,,,,,,,,,,,,,,,
,,,,,,,,,,,,,,,
,,,,,,,,,,,,,,,
,,,,,,,,,,,,,,,
,,,,,,,,,,,,,,,
,,,,,,,,,,,,,,,
,,,,,,,,,,,,,,,
,,,,,,,,,,,,,,,
,,,,,,,,,,,,,,,
,,,,,,,,,,,,,,,
,,,,,,,,,,,,,,,
,,,,,,,,,,,,,,,
,,,,,,,,,,,,,,,
,,,,,,,,,,,,,,,
,,,,,,,,,,,,,,,
,,,,,,,,,,,,,,,
,,,,,,,,,,,,,,,
,,,,,,,,,,,,,,,
,,,,,,,,,,,,,,,
,,,,,,,,,,,,,,,
,,,,,,,,,,,,,,,
,,,,,,,,,,,,,,,
,,,,,,,,,,,,,,,
,,,,,,,,,,,,,,,
,,,,,,,,,,,,,,,
,,,,,,,,,,,,,,,
,,,,,,,,,,,,,,,
,,,,,,,,,,,,,,,
,,,,,,,,,,,,,,,
,,,,,,,,,,,,,,,
,,,,,,,,,,,,,,,
,,,,,,,,,,,,,,,
,,,,,,,,,,,,,,,
,,,,,,,,,,,,,,,
,,,,,,,,,,,,,,,
,,,,,,,,,,,,,,,
,,,,,,,,,,,,,,,
,,,,,,,,,,,,,,,
,,,,,,,,,,,,,,,
,,,,,,,,,,,,,,,
,,,,,,,,,,,,,,,
,,,,,,,,,,,,,,,
,,,,,,,,,,,,,,,
,,,,,,,,,,,,,,,
,,,,,,,,,,,,,,,
,,,,,,,,,,,,,,,
,,,,,,,,,,,,,,,
,,,,,,,,,,,,,,,
,,,,,,,,,,,,,,,
,,,,,,,,,,,,,,,
,,,,,,,,,,,,,,,
,,,,,,,,,,,,,,,
,,,,,,,,,,,,,,,
,,,,,,,,,,,,,,,
,,,,,,,,,,,,,,,
,,,,,,,,,,,,,,,
,,,,,,,,,,,,,,,
,,,,,,,,,,,,,,,
,,,,,,,,,,,,,,,
,,,,,,,,,,,,,,,
,,,,,,,,,,,,,,,
,,,,,,,,,,,,,,,
,,,,,,,,,,,,,,,
,,,,,,,,,,,,,,,
,,,,,,,,,,,,,,,
,,,,,,,,,,,,,,,
,,,,,,,,,,,,,,,
,,,,,,,,,,,,,,,
,,,,,,,,,,,,,,,
,,,,,,,,,,,,,,,
,,,,,,,,,,,,,,,
,,,,,,,,,,,,,,,
,,,,,,,,,,,,,,,
,,,,,,,,,,,,,,,
,,,,,,,,,,,,,,,
,,,,,,,,,,,,,,,
,,,,,,,,,,,,,,,
,,,,,,,,,,,,,,,
,,,,,,,,,,,,,,,
,,,,,,,,,,,,,,,
,,,,,,,,,,,,,,,
,,,,,,,,,,,,,,,
,,,,,,,,,,,,,,,
,,,,,,,,,,,,,,,
,,,,,,,,,,,,,,,
,,,,,,,,,,,,,,,
,,,,,,,,,,,,,,,
,,,,,,,,,,,,,,,
,,,,,,,,,,,,,,,
,,,,,,,,,,,,,,,
,,,,,,,,,,,,,,,
,,,,,,,,,,,,,,,
,,,,,,,,,,,,,,,
,,,,,,,,,,,,,,,
,,,,,,,,,,,,,,,
,,,,,,,,,,,,,,,
,,,,,,,,,,,,,,,
,,,,,,,,,,,,,,,
,,,,,,,,,,,,,,,
,,,,,,,,,,,,,,,
,,,,,,,,,,,,,,,
,,,,,,,,,,,,,,,
,,,,,,,,,,,,,,,
,,,,,,,,,,,,,,,
,,,,,,,,,,,,,,,
,,,,,,,,,,,,,,,
,,,,,,,,,,,,,,,
,,,,,,,,,,,,,,,
,,,,,,,,,,,,,,,
,,,,,,,,,,,,,,,
,,,,,,,,,,,,,,,
,,,,,,,,,,,,,,,
,,,,,,,,,,,,,,,
,,,,,,,,,,,,,,,
,,,,,,,,,,,,,,,
,,,,,,,,,,,,,,,
,,,,,,,,,,,,,,,
,,,,,,,,,,,,,,,
,,,,,,,,,,,,,,,
,,,,,,,,,,,,,,,
,,,,,,,,,,,,,,,
,,,,,,,,,,,,,,,
,,,,,,,,,,,,,,,
,,,,,,,,,,,,,,,
,,,,,,,,,,,,,,,
,,,,,,,,,,,,,,,
,,,,,,,,,,,,,,,
,,,,,,,,,,,,,,,
,,,,,,,,,,,,,,,
,,,,,,,,,,,,,,,
,,,,,,,,,,,,,,,
,,,,,,,,,,,,,,,
,,,,,,,,,,,,,,,
,,,,,,,,,,,,,,,
,,,,,,,,,,,,,,,
,,,,,,,,,,,,,,,
,,,,,,,,,,,,,,,
,,,,,,,,,,,,,,,
,,,,,,,,,,,,,,,
,,,,,,,,,,,,,,,
,,,,,,,,,,,,,,,
,,,,,,,,,,,,,,,
,,,,,,,,,,,,,,,
,,,,,,,,,,,,,,,
,,,,,,,,,,,,,,,
,,,,,,,,,,,,,,,
,,,,,,,,,,,,,,,
,,,,,,,,,,,,,,,
,,,,,,,,,,,,,,,
,,,,,,,,,,,,,,,
,,,,,,,,,,,,,,,
,,,,,,,,,,,,,,,
,,,,,,,,,,,,,,,
,,,,,,,,,,,,,,,
,,,,,,,,,,,,,,,
,,,,,,,,,,,,,,,
,,,,,,,,,,,,,,,
,,,,,,,,,,,,,,,
,,,,,,,,,,,,,,,
,,,,,,,,,,,,,,,
,,,,,,,,,,,,,,,
,,,,,,,,,,,,,,,
,,,,,,,,,,,,,,,
,,,,,,,,,,,,,,,
,,,,,,,,,,,,,,,
,,,,,,,,,,,,,,,
,,,,,,,,,,,,,,,
,,,,,,,,,,,,,,,
,,,,,,,,,,,,,,,
,,,,,,,,,,,,,,,
,,,,,,,,,,,,,,,
,,,,,,,,,,,,,,,
,,,,,,,,,,,,,,,
,,,,,,,,,,,,,,,
,,,,,,,,,,,,,,,
,,,,,,,,,,,,,,,
,,,,,,,,,,,,,,,
,,,,,,,,,,,,,,,
,,,,,,,,,,,,,,,
,,,,,,,,,,,,,,,
,,,,,,,,,,,,,,,
,,,,,,,,,,,,,,,
,,,,,,,,,,,,,,,
,,,,,,,,,,,,,,,
,,,,,,,,,,,,,,,
,,,,,,,,,,,,,,,
,,,,,,,,,,,,,,,
,,,,,,,,,,,,,,,
,,,,,,,,,,,,,,,
,,,,,,,,,,,,,,,
,,,,,,,,,,,,,,,
,,,,,,,,,,,,,,,
,,,,,,,,,,,,,,,
,,,,,,,,,,,,,,,
,,,,,,,,,,,,,,,
,,,,,,,,,,,,,,,
,,,,,,,,,,,,,,,
,,,,,,,,,,,,,,,
,,,,,,,,,,,,,,,
,,,,,,,,,,,,,,,
,,,,,,,,,,,,,,,
,,,,,,,,,,,,,,,
,,,,,,,,,,,,,,,
,,,,,,,,,,,,,,,
,,,,,,,,,,,,,,,
,,,,,,,,,,,,,,,
,,,,,,,,,,,,,,,
,,,,,,,,,,,,,,,
,,,,,,,,,,,,,,,
,,,,,,,,,,,,,,,
,,,,,,,,,,,,,,,
,,,,,,,,,,,,,,,
,,,,,,,,,,,,,,,
,,,,,,,,,,,,,,,
,,,,,,,,,,,,,,,
,,,,,,,,,,,,,,,
,,,,,,,,,,,,,,,
,,,,,,,,,,,,,,,
,,,,,,,,,,,,,,,
,,,,,,,,,,,,,,,
,,,,,,,,,,,,,,,
,,,,,,,,,,,,,,,
,,,,,,,,,,,,,,,
,,,,,,,,,,,,,,,
,,,,,,,,,,,,,,,
,,,,,,,,,,,,,,,
,,,,,,,,,,,,,,,
,,,,,,,,,,,,,,,
,,,,,,,,,,,,,,,
,,,,,,,,,,,,,,,
,,,,,,,,,,,,,,,
,,,,,,,,,,,,,,,
,,,,,,,,,,,,,,,
,,,,,,,,,,,,,,,
,,,,,,,,,,,,,,,
,,,,,,,,,,,,,,,
,,,,,,,,,,,,,,,
,,,,,,,,,,,,,,,
,,,,,,,,,,,,,,,
,,,,,,,,,,,,,,,
,,,,,,,,,,,,,,,
,,,,,,,,,,,,,,,
,,,,,,,,,,,,,,,
,,,,,,,,,,,,,,,
,,,,,,,,,,,,,,,
,,,,,,,,,,,,,,,
,,,,,,,,,,,,,,,
,,,,,,,,,,,,,,,
,,,,,,,,,,,,,,,
,,,,,,,,,,,,,,,
,,,,,,,,,,,,,,,
,,,,,,,,,,,,,,,
,,,,,,,,,,,,,,,
,,,,,,,,,,,,,,,
,,,,,,,,,,,,,,,
,,,,,,,,,,,,,,,
,,,,,,,,,,,,,,,
,,,,,,,,,,,,,,,
,,,,,,,,,,,,,,,
,,,,,,,,,,,,,,,
,,,,,,,,,,,,,,,
,,,,,,,,,,,,,,,
,,,,,,,,,,,,,,,
,,,,,,,,,,,,,,,
,,,,,,,,,,,,,,,
,,,,,,,,,,,,,,,
,,,,,,,,,,,,,,,
,,,,,,,,,,,,,,,
,,,,,,,,,,,,,,,
,,,,,,,,,,,,,,,
,,,,,,,,,,,,,,,
,,,,,,,,,,,,,,,
,,,,,,,,,,,,,,,
,,,,,,,,,,,,,,,
,,,,,,,,,,,,,,,
,,,,,,,,,,,,,,,
,,,,,,,,,,,,,,,
,,,,,,,,,,,,,,,
,,,,,,,,,,,,,,,
,,,,,,,,,,,,,,,
,,,,,,,,,,,,,,,
,,,,,,,,,,,,,,,
,,,,,,,,,,,,,,,
,,,,,,,,,,,,,,,
,,,,,,,,,,,,,,,
,,,,,,,,,,,,,,,
,,,,,,,,,,,,,,,
,,,,,,,,,,,,,,,
,,,,,,,,,,,,,,,
,,,,,,,,,,,,,,,
,,,,,,,,,,,,,,,
,,,,,,,,,,,,,,,
,,,,,,,,,,,,,,,
,,,,,,,,,,,,,,,
,,,,,,,,,,,,,,,
,,,,,,,,,,,,,,,
,,,,,,,,,,,,,,,
,,,,,,,,,,,,,,,
,,,,,,,,,,,,,,,
,,,,,,,,,,,,,,,
,,,,,,,,,,,,,,,
,,,,,,,,,,,,,,,
,,,,,,,,,,,,,,,
,,,,,,,,,,,,,,,
,,,,,,,,,,,,,,,
,,,,,,,,,,,,,,,
,,,,,,,,,,,,,,,
,,,,,,,,,,,,,,,
,,,,,,,,,,,,,,,
,,,,,,,,,,,,,,,
,,,,,,,,,,,,,,,
,,,,,,,,,,,,,,,
,,,,,,,,,,,,,,,
,,,,,,,,,,,,,,,
,,,,,,,,,,,,,,,
,,,,,,,,,,,,,,,
,,,,,,,,,,,,,,,
,,,,,,,,,,,,,,,
,,,,,,,,,,,,,,,
,,,,,,,,,,,,,,,
,,,,,,,,,,,,,,,
,,,,,,,,,,,,,,,
,,,,,,,,,,,,,,,
,,,,,,,,,,,,,,,
,,,,,,,,,,,,,,,
,,,,,,,,,,,,,,,
,,,,,,,,,,,,,,,
,,,,,,,,,,,,,,,
,,,,,,,,,,,,,,,
,,,,,,,,,,,,,,,
,,,,,,,,,,,,,,,
,,,,,,,,,,,,,,,
,,,,,,,,,,,,,,,
,,,,,,,,,,,,,,,
,,,,,,,,,,,,,,,
,,,,,,,,,,,,,,,
,,,,,,,,,,,,,,,
,,,,,,,,,,,,,,,
,,,,,,,,,,,,,,,
,,,,,,,,,,,,,,,
,,,,,,,,,,,,,,,
,,,,,,,,,,,,,,,
,,,,,,,,,,,,,,,
,,,,,,,,,,,,,,,
,,,,,,,,,,,,,,,
,,,,,,,,,,,,,,,
,,,,,,,,,,,,,,,
,,,,,,,,,,,,,,,
,,,,,,,,,,,,,,,
,,,,,,,,,,,,,,,
,,,,,,,,,,,,,,,
,,,,,,,,,,,,,,,
,,,,,,,,,,,,,,,
,,,,,,,,,,,,,,,
,,,,,,,,,,,,,,,
,,,,,,,,,,,,,,,
,,,,,,,,,,,,,,,
,,,,,,,,,,,,,,,
,,,,,,,,,,,,,,,
,,,,,,,,,,,,,,,
,,,,,,,,,,,,,,,
,,,,,,,,,,,,,,,
,,,,,,,,,,,,,,,
,,,,,,,,,,,,,,,
,,,,,,,,,,,,,,,
,,,,,,,,,,,,,,,
,,,,,,,,,,,,,,,
,,,,,,,,,,,,,,,
,,,,,,,,,,,,,,,
,,,,,,,,,,,,,,,
,,,,,,,,,,,,,,,
,,,,,,,,,,,,,,,
,,,,,,,,,,,,,,,
,,,,,,,,,,,,,,,
,,,,,,,,,,,,,,,
,,,,,,,,,,,,,,,
,,,,,,,,,,,,,,,
,,,,,,,,,,,,,,,
,,,,,,,,,,,,,,,
,,,,,,,,,,,,,,,
,,,,,,,,,,,,,,,
,,,,,,,,,,,,,,,
,,,,,,,,,,,,,,,
,,,,,,,,,,,,,,,
,,,,,,,,,,,,,,,
,,,,,,,,,,,,,,,
,,,,,,,,,,,,,,,
,,,,,,,,,,,,,,,
,,,,,,,,,,,,,,,
,,,,,,,,,,,,,,,
,,,,,,,,,,,,,,,
,,,,,,,,,,,,,,,
,,,,,,,,,,,,,,,
,,,,,,,,,,,,,,,
,,,,,,,,,,,,,,,
,,,,,,,,,,,,,,,
,,,,,,,,,,,,,,,
,,,,,,,,,,,,,,,
,,,,,,,,,,,,,,,
,,,,,,,,,,,,,,,
,,,,,,,,,,,,,,,
,,,,,,,,,,,,,,,
,,,,,,,,,,,,,,,
,,,,,,,,,,,,,,,
,,,,,,,,,,,,,,,
,,,,,,,,,,,,,,,
,,,,,,,,,,,,,,,
,,,,,,,,,,,,,,,
,,,,,,,,,,,,,,,
,,,,,,,,,,,,,,,
,,,,,,,,,,,,,,,
,,,,,,,,,,,,,,,
,,,,,,,,,,,,,,,
,,,,,,,,,,,,,,,
,,,,,,,,,,,,,,,
,,,,,,,,,,,,,,,
,,,,,,,,,,,,,,,
,,,,,,,,,,,,,,,
,,,,,,,,,,,,,,,
,,,,,,,,,,,,,,,
,,,,,,,,,,,,,,,
,,,,,,,,,,,,,,,
,,,,,,,,,,,,,,,
,,,,,,,,,,,,,,,
,,,,,,,,,,,,,,,
,,,,,,,,,,,,,,,
,,,,,,,,,,,,,,,
,,,,,,,,,,,,,,,
,,,,,,,,,,,,,,,
,,,,,,,,,,,,,,,
,,,,,,,,,,,,,,,
,,,,,,,,,,,,,,,
,,,,,,,,,,,,,,,
,,,,,,,,,,,,,,,
,,,,,,,,,,,,,,,
,,,,,,,,,,,,,,,
,,,,,,,,,,,,,,,
,,,,,,,,,,,,,,,
,,,,,,,,,,,,,,,
,,,,,,,,,,,,,,,
,,,,,,,,,,,,,,,
,,,,,,,,,,,,,,,
,,,,,,,,,,,,,,,
,,,,,,,,,,,,,,,
,,,,,,,,,,,,,,,
,,,,,,,,,,,,,,,
,,,,,,,,,,,,,,,
,,,,,,,,,,,,,,,
,,,,,,,,,,,,,,,
,,,,,,,,,,,,,,,
,,,,,,,,,,,,,,,
,,,,,,,,,,,,,,,
,,,,,,,,,,,,,,,
,,,,,,,,,,,,,,,
,,,,,,,,,,,,,,,
,,,,,,,,,,,,,,,
,,,,,,,,,,,,,,,
,,,,,,,,,,,,,,,
,,,,,,,,,,,,,,,
,,,,,,,,,,,,,,,
,,,,,,,,,,,,,,,
,,,,,,,,,,,,,,,
,,,,,,,,,,,,,,,
,,,,,,,,,,,,,,,
,,,,,,,,,,,,,,,
,,,,,,,,,,,,,,,
,,,,,,,,,,,,,,,
,,,,,,,,,,,,,,,
,,,,,,,,,,,,,,,
,,,,,,,,,,,,,,,
,,,,,,,,,,,,,,,
,,,,,,,,,,,,,,,
,,,,,,,,,,,,,,,
,,,,,,,,,,,,,,,
,,,,,,,,,,,,,,,
,,,,,,,,,,,,,,,
,,,,,,,,,,,,,,,
,,,,,,,,,,,,,,,
,,,,,,,,,,,,,,,
,,,,,,,,,,,,,,,
,,,,,,,,,,,,,,,
,,,,,,,,,,,,,,,
,,,,,,,,,,,,,,,
,,,,,,,,,,,,,,,
,,,,,,,,,,,,,,,
,,,,,,,,,,,,,,,
,,,,,,,,,,,,,,,
,,,,,,,,,,,,,,,
,,,,,,,,,,,,,,,
,,,,,,,,,,,,,,,
,,,,,,,,,,,,,,,
,,,,,,,,,,,,,,,
,,,,,,,,,,,,,,,
,,,,,,,,,,,,,,,
,,,,,,,,,,,,,,,
,,,,,,,,,,,,,,,
,,,,,,,,,,,,,,,
,,,,,,,,,,,,,,,
,,,,,,,,,,,,,,,
,,,,,,,,,,,,,,,
,,,,,,,,,,,,,,,
,,,,,,,,,,,,,,,
,,,,,,,,,,,,,,,
,,,,,,,,,,,,,,,
,,,,,,,,,,,,,,,
,,,,,,,,,,,,,,,
,,,,,,,,,,,,,,,
,,,,,,,,,,,,,,,
,,,,,,,,,,,,,,,
,,,,,,,,,,,,,,,
,,,,,,,,,,,,,,,
,,,,,,,,,,,,,,,
,,,,,,,,,,,,,,,
,,,,,,,,,,,,,,,
,,,,,,,,,,,,,,,
,,,,,,,,,,,,,,,
,,,,,,,,,,,,,,,
,,,,,,,,,,,,,,,
,,,,,,,,,,,,,,,
,,,,,,,,,,,,,,,
,,,,,,,,,,,,,,,
,,,,,,,,,,,,,,,
,,,,,,,,,,,,,,,
,,,,,,,,,,,,,,,
,,,,,,,,,,,,,,,
,,,,,,,,,,,,,,,
,,,,,,,,,,,,,,,
,,,,,,,,,,,,,,,
,,,,,,,,,,,,,,,
,,,,,,,,,,,,,,,
,,,,,,,,,,,,,,,
,,,,,,,,,,,,,,,
,,,,,,,,,,,,,,,
,,,,,,,,,,,,,,,
,,,,,,,,,,,,,,,
,,,,,,,,,,,,,,,
,,,,,,,,,,,,,,,
,,,,,,,,,,,,,,,
,,,,,,,,,,,,,,,
,,,,,,,,,,,,,,,
,,,,,,,,,,,,,,,
,,,,,,,,,,,,,,,
,,,,,,,,,,,,,,,
,,,,,,,,,,,,,,,
,,,,,,,,,,,,,,,
,,,,,,,,,,,,,,,
,,,,,,,,,,,,,,,
,,,,,,,,,,,,,,,
,,,,,,,,,,,,,,,
,,,,,,,,,,,,,,,
,,,,,,,,,,,,,,,
,,,,,,,,,,,,,,,
,,,,,,,,,,,,,,,
,,,,,,,,,,,,,,,
,,,,,,,,,,,,,,,
,,,,,,,,,,,,,,,
,,,,,,,,,,,,,,,
,,,,,,,,,,,,,,,
,,,,,,,,,,,,,,,
,,,,,,,,,,,,,,,
,,,,,,,,,,,,,,,
,,,,,,,,,,,,,,,
,,,,,,,,,,,,,,,
,,,,,,,,,,,,,,,
,,,,,,,,,,,,,,,
,,,,,,,,,,,,,,,
,,,,,,,,,,,,,,,
,,,,,,,,,,,,,,,
,,,,,,,,,,,,,,,
,,,,,,,,,,,,,,,
,,,,,,,,,,,,,,,
,,,,,,,,,,,,,,,
,,,,,,,,,,,,,,,
,,,,,,,,,,,,,,,
,,,,,,,,,,,,,,,
,,,,,,,,,,,,,,,
,,,,,,,,,,,,,,,
,,,,,,,,,,,,,,,
,,,,,,,,,,,,,,,
,,,,,,,,,,,,,,,
,,,,,,,,,,,,,,,
,,,,,,,,,,,,,,,
,,,,,,,,,,,,,,,
,,,,,,,,,,,,,,,
,,,,,,,,,,,,,,,
,,,,,,,,,,,,,,,
,,,,,,,,,,,,,,,
,,,,,,,,,,,,,,,
,,,,,,,,,,,,,,,
,,,,,,,,,,,,,,,
,,,,,,,,,,,,,,,
,,,,,,,,,,,,,,,
,,,,,,,,,,,,,,,
,,,,,,,,,,,,,,,
,,,,,,,,,,,,,,,
,,,,,,,,,,,,,,,
,,,,,,,,,,,,,,,
,,,,,,,,,,,,,,,
,,,,,,,,,,,,,,,
,,,,,,,,,,,,,,,
,,,,,,,,,,,,,,,
,,,,,,,,,,,,,,,
,,,,,,,,,,,,,,,
,,,,,,,,,,,,,,,
,,,,,,,,,,,,,,,
,,,,,,,,,,,,,,,
,,,,,,,,,,,,,,,
,,,,,,,,,,,,,,,
,,,,,,,,,,,,,,,
,,,,,,,,,,,,,,,
,,,,,,,,,,,,,,,
,,,,,,,,,,,,,,,
,,,,,,,,,,,,,,,
,,,,,,,,,,,,,,,
,,,,,,,,,,,,,,,
,,,,,,,,,,,,,,,
,,,,,,,,,,,,,,,
,,,,,,,,,,,,,,,
,,,,,,,,,,,,,,,
,,,,,,,,,,,,,,,
,,,,,,,,,,,,,,,
,,,,,,,,,,,,,,,
,,,,,,,,,,,,,,,
,,,,,,,,,,,,,,,
,,,,,,,,,,,,,,,
,,,,,,,,,,,,,,,
,,,,,,,,,,,,,,,
,,,,,,,,,,,,,,,
,,,,,,,,,,,,,,,
,,,,,,,,,,,,,,,
,,,,,,,,,,,,,,,
,,,,,,,,,,,,,,,
,,,,,,,,,,,,,,,
,,,,,,,,,,,,,,,
,,,,,,,,,,,,,,,
,,,,,,,,,,,,,,,
,,,,,,,,,,,,,,,
,,,,,,,,,,,,,,,
,,,,,,,,,,,,,,,
,,,,,,,,,,,,,,,
,,,,,,,,,,,,,,,
,,,,,,,,,,,,,,,
,,,,,,,,,,,,,,,
,,,,,,,,,,,,,,,
,,,,,,,,,,,,,,,
,,,,,,,,,,,,,,,
,,,,,,,,,,,,,,,
,,,,,,,,,,,,,,,
,,,,,,,,,,,,,,,
,,,,,,,,,,,,,,,
,,,,,,,,,,,,,,,
,,,,,,,,,,,,,,,
,,,,,,,,,,,,,,,
,,,,,,,,,,,,,,,
,,,,,,,,,,,,,,,
,,,,,,,,,,,,,,,
,,,,,,,,,,,,,,,
,,,,,,,,,,,,,,,
,,,N/A,,,,,,,,,,,,
,,,,,,,,,,,,,,,
,,,,,,,,,,,,,,,
,,,,,,,,,,,,,,,
,,,,,,,,,,,,,,,
,,,,,,,,,,,,,,,
,,,,,,,,,,,,,,,
,,,,,,,,,,,,,,,
,,,,,,,,,,,,,,,
,,,,,,,,,,,,,,,
,,,,,,,,,,,,,,,
,,,,,,,,,,,,,,,
,,,,,,,,,,,,,,,
,,,,,,,,,,,,,,,
,,,,,,,,,,,,,,,
,,,,,,,,,,,,,,,
,,,,,,,,,,,,,,,
,,,,,,,,,,,,,,,
,,,,,,,,,,,,,,,
,,,,,,,,,,,,,,,
,,,,,,,,,,,,,,,
,,,,,,,,,,,,,,,
,,,,,,,,,,,,,,,
,,,,,,,,,,,,,,,
,,,,,,,,,,,,,,,
,,,,,,,,,,,,,,,
,,,,,,,,,,,,,,,
,,,,,,,,,,,,,,,
,,,,,,,,,,,,,,,
,,,,,,,,,,,,,,,
,,,,,,,,,,,,,,,
,,,,,,,,,,,,,,,
,,,,,,,,,,,,,,,
,,,,,,,,,,,,,,,
,,,,,,,,,,,,,,,
,,,,,,,,,,,,,,,
,,,,,,,,,,,,,,,
,,,,,,,,,,,,,,,